lambda,target_acceptance,valid_run_count,pooled_transition_count,pooled_empirical_t0,pooled_paper_t0,mean_run_t0,median_run_t0,sd_run_t0,min_run_t0,p10_run_t0,p90_run_t0,max_run_t0,bootstrap_mean_ci_low,bootstrap_mean_ci_high
1,0.8,10,1000,0.111503573632,0.14142297784,0.116377969901,0.108187137576,0.0501308174759,0.0497119004783,0.0627610275522,0.195147529546,0.209752442643,0.0885197492639,0.14694120553
1,0.85,10,1000,0.170954739808,0.201981184492,0.175919485392,0.165392542382,0.0728244961907,0.0760102813569,0.0998282895619,0.292601048507,0.308656368375,0.136116770002,0.219578124742
1,0.9,10,1000,0.290022302293,0.322140867905,0.295043936505,0.280471431489,0.117643212429,0.128636966574,0.174413355833,0.486254719939,0.504747462516,0.229256390211,0.36745772628
1,0.95,10,1000,0.647861425768,0.681047508849,0.652946408734,0.627605443586,0.251276250632,0.286397072146,0.398592768419,1.06503633562,1.09016643502,0.518365167759,0.805050319382
1,0.99,10,1000,3.51347795162,3.54748994677,3.51864983397,3.38335982402,1.31874118367,1.54759875388,2.19219664616,5.68827116088,5.76471337369,2.77961628574,4.31625303418
1.25,0.8,10,1000,0.0826203386175,0.103720781514,0.0843762443686,0.0857471489881,0.0240598947369,0.05933463661,0.0606050002947,0.10596337486,0.133680143358,0.0708723752205,0.0995963831929
1.25,0.85,10,1000,0.126770851772,0.148640768933,0.128715858727,0.130558415622,0.0356667963653,0.0917660057424,0.0936585567419,0.159952090583,0.201759670763,0.109251075651,0.151152049667
1.25,0.9,10,1000,0.215040951983,0.23770564048,0.217250588958,0.219659359037,0.0589654689517,0.157155221945,0.159325522151,0.269554177177,0.336436628975,0.184872093936,0.253156133176
1.25,0.95,10,1000,0.480120962341,0.503638041021,0.482714814722,0.485960034256,0.129466979599,0.354282298537,0.355517603892,0.61864806645,0.73808066698,0.409789666881,0.559649990784
1.25,0.99,10,1000,2.60300779575,2.62726149986,2.60601800898,2.59973563319,0.696810815971,1.92102845051,1.93282252596,3.42853541101,3.94403178402,2.22438479484,3.03525225031
1.5,0.8,10,1000,0.0863459341943,0.113964349637,0.0896973365198,0.0791495068814,0.0262262644662,0.0650207371157,0.0656914151722,0.112080447804,0.149025558517,0.0756697650259,0.106264507903
1.5,0.85,10,1000,0.134417677203,0.163639124512,0.138682393249,0.120734857595,0.0429708990364,0.0986879774238,0.0996042372553,0.176517525365,0.237574640743,0.11569375535,0.165548447568
1.5,0.9,10,1000,0.231344300735,0.262089066237,0.236520803886,0.206122541512,0.0762590816552,0.165729415001,0.167677932288,0.305720316917,0.41255098756,0.197399974268,0.285987535327
1.5,0.95,10,1000,0.523824493362,0.555981587303,0.529889619616,0.466978671359,0.175742314136,0.366253587477,0.372476149189,0.693369752573,0.934285552818,0.437542341059,0.642472168378
1.5,0.99,10,1000,2.86952141742,2.90270993834,2.87626204251,2.55463787732,0.970243161829,1.96829739702,2.01283526824,3.79306176158,5.09865410816,2.37142117941,3.48295418119
1.75,0.8,10,1000,0.0999014037128,0.13428928377,0.104795778053,0.097361348822,0.0386941638098,0.0424990739673,0.0660742493462,0.148384545033,0.150700723583,0.081751599357,0.126998361323
1.75,0.85,10,1000,0.157335320555,0.193357945678,0.162936655417,0.154862858609,0.0594144252284,0.0676927045803,0.104860834359,0.228978712035,0.230128225558,0.128947145579,0.197309204972
1.75,0.9,10,1000,0.272839152325,0.310352122814,0.279097323126,0.269799033341,0.100895972074,0.118525906424,0.18399886298,0.391590032708,0.393514410541,0.220487287445,0.336892014822
1.75,0.95,10,1000,0.620649176135,0.659496531122,0.627521430698,0.613500671886,0.225200268486,0.271747894097,0.419854856699,0.882261778007,0.891737954065,0.493437272189,0.754873589943
1.75,0.99,10,1000,3.40731946949,3.44711672474,3.4146562075,3.3595877472,1.21908322353,1.49919911704,2.26472724098,4.81314941778,4.86859643935,2.69748128522,4.12525011463
2,0.8,20,2000,0.100342274447,0.14768017344,0.104837750881,0.0923825887786,0.0361771965784,0.0605088547675,0.0709531866239,0.157761727649,0.179877221272,0.09000288401,0.121419745414
2,0.85,20,2000,0.155504023464,0.211638344948,0.160995613413,0.141439679077,0.056305434412,0.0932989744705,0.106398195526,0.242446654245,0.275449178983,0.137292247561,0.184996552693
2,0.9,20,2000,0.267103573115,0.338451077029,0.274036225246,0.239152975127,0.0980715226699,0.155271754191,0.175779629144,0.413251881521,0.471528618864,0.234471920157,0.317737841437
2,0.95,20,2000,0.610275060741,0.717092102115,0.621555365445,0.543171638076,0.233564733661,0.33940316829,0.382842400904,0.922342291894,1.19713547574,0.529125933618,0.72275793415
2,0.99,20,2000,3.54708348411,3.74075887501,3.60165232764,3.3102649065,1.51680452483,1.8110399402,2.03566613178,4.99890303026,7.97795128903,3.01299567248,4.2702483968
2.25,0.8,10,1000,0.096736144315,0.131182761402,0.10698242434,0.0735382008942,0.0659632035124,0.0577974890272,0.0596103290451,0.171617751068,0.270426429783,0.0745602851121,0.152221074821
2.25,0.85,10,1000,0.15205611604,0.188156532899,0.163855942975,0.11511536746,0.0988772120759,0.0872819235829,0.0899066191239,0.258623260968,0.407900492583,0.11480063286,0.227996883984
2.25,0.9,10,1000,0.263358746224,0.301099776304,0.276741694648,0.198534777054,0.164561112024,0.145720950552,0.150117134226,0.431164804441,0.681656598001,0.195136890346,0.384278652568
2.25,0.95,10,1000,0.598841419842,0.638297810788,0.61390900594,0.446831156558,0.361416599283,0.320125898835,0.33002989925,0.94629452241,1.5012701365,0.430921841673,0.847987866324
2.25,0.99,10,1000,3.29001404902,3.3309317819,3.30653181433,2.4271538521,1.93575801036,1.71248613843,1.76692240592,5.05955189724,8.05378153256,2.3397976224,4.55189239291
2.5,0.8,10,1000,0.138655199182,0.173871173449,0.146565475152,0.113266970329,0.0693573833319,0.0627095636173,0.100279349489,0.243986161489,0.25361941861,0.109183401225,0.188104541881
2.5,0.85,10,1000,0.211951518163,0.24876233699,0.22059773256,0.172706380737,0.101881074359,0.0964813098737,0.151357995744,0.365646675794,0.380477393123,0.162042204325,0.283415890951
2.5,0.9,10,1000,0.358865750098,0.39730555132,0.368271910046,0.290801456921,0.166868697537,0.163345565938,0.252626848146,0.60653745154,0.63546102496,0.27513086199,0.474368593899
2.5,0.95,10,1000,0.800804006484,0.840908379213,0.811016540685,0.646468753592,0.361745838876,0.362738631903,0.555226256384,1.32531319007,1.40314457748,0.613689404675,1.0326487873
2.5,0.99,10,1000,4.34210042922,4.38355173319,4.35300834698,3.52545138163,1.92062147484,1.95405368233,2.97231179825,7.06377826399,7.55376597767,3.28513087956,5.54599464113
2.75,0.8,10,1000,0.103940970589,0.128018756726,0.105833333015,0.0945088749532,0.0308465997853,0.0661147216879,0.0806766263805,0.139613187371,0.168876093171,0.089020498425,0.125299716909
2.75,0.85,10,1000,0.158666405887,0.183618374504,0.160760880696,0.148430073613,0.0446671271079,0.101487530892,0.12087507101,0.207362001716,0.251498295703,0.136097344865,0.188872002836
2.75,0.9,10,1000,0.267887180994,0.293837533232,0.270254287361,0.257532892763,0.0725813466065,0.171518664221,0.200527784216,0.342294298588,0.416208711072,0.229883753162,0.315423535565
2.75,0.95,10,1000,0.59580978342,0.62290266865,0.59857371687,0.589124012476,0.157222924406,0.380302355646,0.438243425835,0.746292927088,0.909902082753,0.507628080572,0.696530225522
2.75,0.99,10,1000,3.22248010163,3.25059284391,3.22569422959,3.26024226542,0.839262391051,2.04632904777,2.3361172879,3.97610967875,4.859224367,2.74249990382,3.73138822656
3,0.8,10,1000,0.110452157458,0.181443282022,0.121788907895,0.0982915905305,0.0688249309545,0.0488212785463,0.0721870130054,0.164566472818,0.290242429247,0.0869308480593,0.167399159361
3,0.85,10,1000,0.174606897593,0.260301940516,0.188200131194,0.151502641147,0.106801844128,0.0760281908521,0.112699137157,0.257310632146,0.449952734622,0.13456908461,0.257796799202
3,0.9,10,1000,0.306445907801,0.416621696959,0.322371581129,0.261889189422,0.183290147768,0.133428635646,0.193219056537,0.455591153559,0.770405060836,0.229846388113,0.443166026302
3,0.95,10,1000,0.718627958017,0.883311657408,0.735418073611,0.601256028264,0.415827086185,0.334157916481,0.436170080922,1.11297377165,1.7343492115,0.52392052785,1.00760467354
3,0.99,10,1000,4.31558917284,4.60994952388,4.3543851835,4.06858334716,2.24455282013,2.42338923987,2.46660293614,7.06161346398,9.45518225112,3.20088099392,5.79763136361
3.25,0.8,10,1000,0.112255810527,0.153690181888,0.121038368699,0.100304498696,0.0570677982185,0.0675632788376,0.0726861523895,0.17838764709,0.257026365485,0.0918993187192,0.159973763908
3.25,0.85,10,1000,0.174752262712,0.220158958335,0.186675866814,0.154414993709,0.0925366655278,0.10339031223,0.11125711308,0.268529531064,0.415697627888,0.140115477289,0.247252091189
3.25,0.9,10,1000,0.301920766652,0.351961654615,0.317883749725,0.261705850451,0.16465787648,0.17454593051,0.188353339387,0.448056581728,0.735317840743,0.237845636722,0.425423963581
3.25,0.95,10,1000,0.690141710339,0.745519602047,0.711039942342,0.581964053666,0.382177525818,0.387234348982,0.419546996806,0.985069161414,1.69536667832,0.527962404055,0.961204112396
3.25,0.99,10,1000,3.82833835188,3.88835616254,3.85366189469,3.13883692139,2.12346161813,2.08635254272,2.26852750762,5.27542147454,9.37163777896,2.84854903381,5.29516960658
3.5,0.8,10,1000,0.0923972034025,0.16983599752,0.0979000504858,0.0842634246261,0.0420700483434,0.0589589694413,0.0641273649797,0.135503180027,0.200318249491,0.0767472239129,0.124793548307
3.5,0.85,10,1000,0.143650246523,0.243287605249,0.150664798074,0.129274867137,0.065570414951,0.094634356408,0.099334919341,0.209212081599,0.311113916781,0.117025053723,0.192931606089
3.5,0.9,10,1000,0.247916047467,0.388936742516,0.256678557569,0.221528687792,0.112975350974,0.165164207813,0.169621850262,0.358047624517,0.532395192402,0.199114539939,0.33377327361
3.5,0.95,10,1000,0.568235506096,0.823839647588,0.579891594845,0.50333475051,0.256547121266,0.375260779815,0.378585186237,0.806608359352,1.19548809271,0.447656009818,0.741084847226
3.5,0.99,10,1000,3.39070734179,4.29684472662,3.75879734327,2.68046889054,2.47963084269,2.02119145238,2.04820303574,6.80496625817,9.57829979919,2.51139500931,5.39471833742
3.75,0.8,10,1000,0.0982856054482,0.128967845641,0.102625335849,0.0958955497447,0.0362557381532,0.0480418040789,0.0662766666074,0.149635124804,0.164525530805,0.0817563001644,0.124212683768
3.75,0.85,10,1000,0.152025645792,0.184122712065,0.156999992922,0.144904303047,0.0555289335354,0.0720305112232,0.105656141686,0.22983488351,0.253112421844,0.125291705867,0.191190105451
3.75,0.9,10,1000,0.260040323608,0.293569854004,0.265745532004,0.242934104442,0.0941599075187,0.119570569796,0.185425499712,0.391842854267,0.428592435125,0.211574327779,0.321691905094
3.75,0.95,10,1000,0.585471269864,0.620492129507,0.592058022985,0.536719935617,0.210648480141,0.261465350626,0.426333388186,0.882252146242,0.952417656411,0.475160394675,0.721554079655
3.75,0.99,10,1000,3.19525867677,3.23152524186,3.20267428719,2.87746491027,1.14568123721,1.39438870595,2.35725147881,4.82263614127,5.13544656938,2.53723706764,3.89822245264
4,0.8,10,1000,0.0942334901699,0.124892110737,0.102999390945,0.089040405908,0.0585481746917,0.046135688298,0.0594077505403,0.136932391059,0.256364811543,0.0753074757943,0.141434290972
4,0.85,10,1000,0.146660613171,0.179018922476,0.156818944665,0.137822613589,0.0885922575576,0.0695300620833,0.0899704426883,0.206195254929,0.388790036075,0.113542341965,0.215372210569
4,0.9,10,1000,0.252168001207,0.286333601165,0.26383782161,0.23489363062,0.14839236836,0.116405682591,0.150950001848,0.343814835163,0.652207175056,0.192639354705,0.362737031779
4,0.95,10,1000,0.570627794952,0.606749486461,0.58397606152,0.525011170611,0.327394642326,0.257268333417,0.333748763333,0.755209739515,1.44042995256,0.426464956119,0.805436754414
4,0.99,10,1000,3.12763514285,3.16543458851,3.14245724794,2.84193704471,1.75836659516,1.38506599745,1.79589136853,4.04188924173,7.74058811096,2.30903112155,4.33392279541
4.25,0.8,10,1000,0.117534150788,0.150305532522,0.120513983837,0.112896017522,0.0376175654943,0.081699213002,0.0821931497961,0.164590139896,0.196626429193,0.0999925189856,0.144191127412
4.25,0.85,10,1000,0.181409092867,0.215631140211,0.184673739475,0.172998550989,0.0559935641007,0.125925037128,0.127571439932,0.249044670945,0.298994505242,0.153745151945,0.218502066484
4.25,0.9,10,1000,0.309487391211,0.34512463247,0.31306454226,0.293030150859,0.0925900832932,0.212683497074,0.221935192689,0.418042507464,0.503662498807,0.262563051001,0.370914632072
4.25,0.95,10,1000,0.694714383636,0.731725239814,0.698668837135,0.652850793994,0.202203339417,0.472083022439,0.511386900965,0.925431403632,1.11797052102,0.590774311835,0.824630242669
4.25,0.99,10,1000,3.7807591151,3.81882928025,3.78507688442,3.53036635823,1.079369218,2.54476133942,2.84846132504,4.98612664012,6.03421085631,3.17456006374,4.45088734668
4.5,0.8,10,1000,0.100955251465,0.13853525183,0.110659318184,0.090224090312,0.0581818757619,0.0485024373219,0.0640658128915,0.15926666048,0.251468007772,0.0802792591999,0.147102473052
4.5,0.85,10,1000,0.157024831022,0.19812700893,0.169761420133,0.138702091806,0.0930017093746,0.0726846101401,0.0982414508192,0.245321362397,0.400461402949,0.123197068853,0.229215663025
4.5,0.9,10,1000,0.271125532248,0.316334709602,0.287608006616,0.235654355993,0.163307348283,0.120807911663,0.165960613928,0.416632563951,0.699661129069,0.204984133783,0.392407481621
4.5,0.95,10,1000,0.619427296759,0.669359948658,0.640374316626,0.526701811321,0.374758300497,0.264748724445,0.368036731932,0.928996679564,1.59744664182,0.457758594092,0.886709425496
4.5,0.99,10,1000,3.43465288961,3.48868651265,3.45955112233,2.85588963483,2.06637291845,1.41486195966,1.98125001434,5.0224345991,8.77499819964,2.47073645165,4.86785152093
4.75,0.8,10,1000,0.0964993526023,0.127219580904,0.101620311438,0.0791809360934,0.0494640200511,0.0558265917531,0.0624539647858,0.142820316911,0.22482541226,0.076977893604,0.133412804302
4.75,0.85,10,1000,0.148492583181,0.182393857783,0.15452693926,0.123092923205,0.0731759403349,0.0850918147459,0.0974280205754,0.214520254579,0.337516933921,0.118661944257,0.20377480624
4.75,0.9,10,1000,0.253268350023,0.291780183117,0.260740491046,0.21128351625,0.121311164602,0.142890932891,0.167728810811,0.363274069595,0.563529770183,0.200312850951,0.341808779045
4.75,0.95,10,1000,0.572156905299,0.618374010269,0.582703070125,0.475809676993,0.269424490283,0.315078898153,0.379386460957,0.842808913827,1.2430096902,0.448241167427,0.753891653791
4.75,0.99,10,1000,3.16949814159,3.22637223624,3.18637980363,2.59072869584,1.49034258864,1.68888672602,2.07496852855,4.94370674046,6.6837488974,2.41745842362,4.15108835346
5,0.8,10,1000,0.11970569676,0.163129248233,0.132211471709,0.113874144726,0.0827215865355,0.0506926577675,0.0761301664944,0.197949089287,0.345801803557,0.0933996538562,0.187498269346
5,0.85,10,1000,0.187870650292,0.233827597843,0.202081104668,0.172568799111,0.123637262441,0.0794740001269,0.116212622134,0.301881515541,0.520713199152,0.141768725519,0.286207064666
5,0.9,10,1000,0.325673107893,0.373997883665,0.341490555946,0.289265274492,0.204681776195,0.136743901384,0.197673540544,0.511932184724,0.866782250847,0.244118086232,0.480728265931
5,0.95,10,1000,0.742012747446,0.792512729656,0.759332651666,0.638031241182,0.446611151767,0.307887664088,0.445462730408,1.1465772835,1.89891231522,0.545848568682,1.0468440998
5,0.99,10,1000,4.08248744609,4.13456832229,4.10092455121,3.42364072465,2.37867836816,1.67457203755,2.44081869957,6.23801538895,10.1375359825,2.93701079147,5.65065160378
5.5,0.8,10,1000,0.10419209,0.214175685883,0.108887476289,0.0952460557185,0.0379481935907,0.0641532772768,0.0713854917842,0.165771083113,0.167532870261,0.088138820473,0.132057711504
5.5,0.85,10,1000,0.161014475937,0.306803566275,0.166771626222,0.147480227897,0.0591664548629,0.0957956210688,0.107279984662,0.253653478478,0.264084211896,0.133306230217,0.202115409968
5.5,0.9,10,1000,0.275912902693,0.490477842211,0.282691585226,0.254034708518,0.101835336803,0.158529781,0.178446379604,0.426033110813,0.459877548787,0.228417222638,0.344815784059
5.5,0.95,10,1000,0.62702763577,1.03892239664,0.635162596485,0.582903378892,0.229773895735,0.345800450557,0.390852151672,0.943022700585,1.04404906038,0.508056118126,0.771910967216
5.5,0.99,10,1000,3.72222795591,5.41863727297,4.39570819462,3.14213957743,3.31049834117,1.84105361011,2.08661494267,6.44606330812,13.1123385276,2.83156649493,6.56139036385
6,0.8,10,1000,0.0908247903607,0.116691086912,0.0950957752705,0.0997118107283,0.0295240471481,0.0429668436225,0.0625998717343,0.128821559615,0.129851405143,0.0770740804951,0.11202243378
6,0.85,10,1000,0.140342482738,0.167054816021,0.1453444537,0.150631906419,0.0468835600702,0.0648813601232,0.0950051461772,0.200295793968,0.202542939414,0.116970553674,0.172399844398
6,0.9,10,1000,0.239482020621,0.266935841666,0.245155588148,0.251456264706,0.0815180393482,0.108374694781,0.159280156288,0.342011386976,0.346497598021,0.197933491901,0.292742625019
6,0.95,10,1000,0.537101366277,0.565196683505,0.543381900435,0.55223418501,0.185200476993,0.238354386225,0.351162458435,0.765052911142,0.775748215161,0.432523362899,0.651941927602
6,0.99,10,1000,2.91853383741,2.94707436957,2.92525195069,2.95322631359,1.01376904095,1.27678030228,1.88319923235,4.14264647887,4.20127473773,2.340491656,3.52135707142
6.5,0.8,10,1000,0.111336976704,0.151899623461,0.114051463788,0.113990166486,0.0306902634449,0.076863751884,0.0818546517472,0.15255952933,0.159569256867,0.0963068261077,0.132256240482
6.5,0.85,10,1000,0.171027685959,0.217111732386,0.17398493589,0.17230682767,0.046618765788,0.118995848804,0.123853137303,0.236645845428,0.240078532852,0.146906976241,0.202050089864
6.5,0.9,10,1000,0.290917665788,0.346484463796,0.293959197128,0.288691998771,0.0780563951994,0.203289609553,0.207483488824,0.399955398098,0.405528236078,0.249519578351,0.338319264649
6.5,0.95,10,1000,0.655330112978,0.732878127059,0.658302272808,0.637447443594,0.17031659755,0.456359370209,0.457117548094,0.878246030003,0.913530457907,0.558282486692,0.756752443077
6.5,0.99,10,1000,3.6881640623,3.81875943343,3.71373042477,3.81337211072,1.02453841958,2.43341047548,2.45303136847,4.97971091101,5.00304131255,3.08972970967,4.32819334999
7,0.8,10,1000,0.0892860306384,0.116218659197,0.0939138697917,0.0829073789379,0.0397276597137,0.0527682325909,0.0597730856232,0.157500442232,0.171095478559,0.0733152623755,0.11902850726
7,0.85,10,1000,0.137702247299,0.166112554191,0.143238586843,0.124324273527,0.060178458108,0.0820722140809,0.0955764252401,0.237197179458,0.262721516703,0.111516684846,0.18145420415
7,0.9,10,1000,0.23520870482,0.265095850124,0.241741048373,0.206358625081,0.101296445987,0.140423872824,0.161254504457,0.396843986225,0.445252688175,0.187539064881,0.309323709266
7,0.95,10,1000,0.529387343041,0.560726296358,0.536971481073,0.453919218547,0.225042491251,0.314860519505,0.357973022155,0.876264361357,0.991702291631,0.415610516786,0.677234536524
7,0.99,10,1000,2.88927990481,2.92173931071,2.89771664716,2.4342065725,1.21615246587,1.70799537776,1.93159651112,4.71289620304,5.35960386112,2.26484994328,3.65646307027
7.5,0.8,10,1000,0.089553328812,0.116391105154,0.091967344664,0.0828816163202,0.0308890142313,0.0521794950576,0.0580646318575,0.134438128752,0.141555310451,0.0741725463078,0.110624152259
7.5,0.85,10,1000,0.138732008433,0.166763393597,0.141677007948,0.124960395275,0.0459934542674,0.0828754956718,0.0930313740561,0.200420786277,0.216537118888,0.115674888429,0.16929527226
7.5,0.9,10,1000,0.237457969206,0.266643380469,0.241026384129,0.208649742387,0.0767653186438,0.145005232658,0.163149253369,0.332102270149,0.367558588499,0.19799430433,0.287022806825
7.5,0.95,10,1000,0.534603178346,0.564874605181,0.538844008038,0.458989351602,0.169982267833,0.33246072234,0.373405612985,0.752478636922,0.822325851161,0.445103074332,0.641122317074
7.5,0.99,10,1000,2.91536762925,2.9464416292,2.92015214789,2.45952331184,0.918185941951,1.8342718284,2.05401105133,4.12394507237,4.46455150947,2.42385880258,3.47614033314
8,0.8,10,1000,0.111889618862,0.148004107757,0.117691995877,0.115342194824,0.0453089824418,0.0614593129695,0.0636202711412,0.169979973572,0.189604949245,0.0916773710789,0.144141285496
8,0.85,10,1000,0.174755887809,0.212375701385,0.181043498436,0.172997391837,0.0693133833417,0.0990142288731,0.0996175427659,0.263836730275,0.291254903071,0.140856958298,0.222555335663
8,0.9,10,1000,0.301066897874,0.339971911275,0.307561754626,0.287548501285,0.116398369908,0.168596676679,0.179855605694,0.45084175099,0.492528814049,0.239664899157,0.379650408033
8,0.95,10,1000,0.680918180943,0.720899210497,0.687460449521,0.629871391836,0.255381021564,0.37606066317,0.416988888288,1.01011450741,1.09284459642,0.540811011378,0.838479913992
8,0.99,10,1000,3.7219713027,3.76267539954,3.72856008944,3.36415778455,1.36047462185,2.03166870786,2.24923620161,5.47750619513,5.88429205453,2.96387874948,4.52981788595
8.5,0.8,10,1000,0.0878205509048,0.112420534055,0.0900546286658,0.0882002880835,0.0253299943109,0.0633228181157,0.0660690381704,0.122972673649,0.143698189142,0.0765766452905,0.106857628289
8.5,0.85,10,1000,0.135304614417,0.16097412658,0.138028280012,0.133652681308,0.0387092496192,0.0955353565197,0.101178438547,0.189650728448,0.217505554645,0.116918688834,0.162706765592
8.5,0.9,10,1000,0.230612650652,0.257261011672,0.23384238677,0.223512630678,0.0657941687549,0.159599200482,0.170801760839,0.322189614536,0.365235645416,0.198487744436,0.274770228278
8.5,0.95,10,1000,0.517257027668,0.544782848472,0.520992229635,0.49304595991,0.147548594289,0.351154307257,0.378916410368,0.7183714904,0.80839465153,0.441933280452,0.614633263741
8.5,0.99,10,1000,2.81273099339,2.84088234791,2.81685727213,2.65474820443,0.802860668019,1.88151167332,2.04196702579,3.88306715878,4.35275735449,2.37647968868,3.30284476244
9,0.8,10,1000,0.0830301831237,0.186298863456,0.0859230515077,0.0826057643989,0.02687207155,0.0485895241966,0.0639178717023,0.105656561329,0.151373498484,0.0717773733849,0.103382628031
9,0.85,10,1000,0.127262167922,0.266124187549,0.13100556737,0.125850433275,0.0421653018467,0.0727800750687,0.0964452584846,0.163371188147,0.233145266878,0.109023171904,0.157583497247
9,0.9,10,1000,0.216573766733,0.424507291298,0.221298745397,0.213377158618,0.0733331890776,0.12081682234,0.160818833074,0.278499696484,0.398039061579,0.181818832179,0.266645673418
9,0.95,10,1000,0.489342234075,0.897574442849,0.496073422063,0.471815927196,0.168528558334,0.264325777282,0.352816452324,0.623002759566,0.894338315929,0.408264140432,0.603599726946
9,0.99,10,1000,2.89515662872,4.6757438437,3.61527581285,2.51695127899,3.21235341676,1.41047880583,1.88535654219,5.61778715412,12.371203051,2.24484549384,5.76827493595
9.5,0.8,10,1000,0.0939811323917,0.12904920348,0.0986277017127,0.0863140490497,0.0410134990448,0.0502123151256,0.0665003838101,0.137043151237,0.195349388924,0.0773226751707,0.125976888833
9.5,0.85,10,1000,0.145079934253,0.185466062646,0.150277003077,0.132610521859,0.0613346167136,0.0785227787133,0.100980409706,0.206763339015,0.29468459176,0.118451772441,0.189806800481
9.5,0.9,10,1000,0.247359448759,0.297255476003,0.2533077112,0.224562917978,0.101910760919,0.134751927526,0.169196466153,0.344850017192,0.491114078591,0.199636895504,0.319873947247
9.5,0.95,10,1000,0.557577499271,0.630936097274,0.566958652558,0.499195202669,0.227815649891,0.302850260016,0.372597248644,0.778969116546,1.07671819949,0.446598717307,0.715089546312
9.5,0.99,10,1000,3.15683298612,3.29528089924,3.20562414132,2.69210001382,1.44753001774,1.64588084437,1.99594488706,5.66583306376,5.75029288436,2.42550157224,4.14133373143
10,0.8,10,1000,0.0804646826558,0.106381642525,0.0846261324539,0.0844762715048,0.0307826692143,0.0377071505089,0.0409231913637,0.120061490505,0.13230118141,0.0664456554334,0.10239679564
10,0.85,10,1000,0.125825516338,0.152683765794,0.130727428192,0.130182539021,0.0480850384775,0.0597237920163,0.0650662261631,0.189365821293,0.207783783631,0.103164740717,0.158048811591
10,0.9,10,1000,0.216662979689,0.244458529738,0.222354166701,0.220722890092,0.0827749087385,0.103552125175,0.11332297873,0.326339643991,0.359489306959,0.174730076854,0.270502253461
10,0.95,10,1000,0.48967689969,0.518437518546,0.496228487089,0.490070492145,0.187048667869,0.23459549011,0.257876622862,0.734495571051,0.816202389267,0.388111477657,0.608551049194
10,0.99,10,1000,2.6766337075,2.70619318285,2.68392728787,2.63138463455,1.02197072634,1.28129097307,1.41313483969,3.99118749372,4.47478687804,2.09614502413,3.30453062537
12.5,0.8,10,1000,0.102263899402,0.136381948557,0.105784188698,0.101992895316,0.0284771118208,0.0688206729689,0.0768377614647,0.142953077525,0.162899223248,0.0900202421772,0.123096538792
12.5,0.85,10,1000,0.159317095303,0.195571697225,0.164079907985,0.154763830605,0.0469015344291,0.103644672848,0.116994646538,0.222122289917,0.255689777592,0.137924209413,0.19299004551
12.5,0.9,10,1000,0.274649606317,0.312913407502,0.280686447652,0.259589818795,0.084547979436,0.173863586307,0.196964342113,0.379987615638,0.442892849841,0.234313121104,0.334208619274
12.5,0.95,10,1000,0.623151524335,0.663251458497,0.630435568023,0.580687192201,0.198050595987,0.38593572811,0.436271071291,0.852158973662,1.00650904122,0.519234927541,0.747262187433
12.5,0.99,10,1000,3.41941559926,3.46083538575,3.42764892511,3.17556694923,1.10633883291,2.08784605339,2.34875230359,4.69871278422,5.51855551961,2.82049025745,4.1022275691
15,0.8,10,1000,0.0947945121667,0.139708904087,0.0992581693797,0.0921270495097,0.033089957455,0.05013893527,0.0634265768555,0.143282266318,0.150522322792,0.0803779219279,0.118660514107
15,0.85,10,1000,0.148002707747,0.199726545446,0.153871392145,0.140897367167,0.0528732190876,0.0755772527234,0.0957943498528,0.22730546112,0.231834077324,0.123288323489,0.185161984985
15,0.9,10,1000,0.25590229943,0.318789117729,0.264152160721,0.238205693265,0.0950650976438,0.126546585506,0.160069261232,0.382279763355,0.418762723026,0.209634211497,0.322081559419
15,0.95,10,1000,0.587234325629,0.674382348975,0.602243883378,0.532989853691,0.233387839525,0.279633566168,0.352150580535,0.892926857656,0.993455503208,0.474360651883,0.744002452205
15,0.99,10,1000,3.3701635371,3.51425934646,3.42211861041,2.88909959678,1.55522907584,1.50481809022,1.88654144585,5.68350892719,6.23470221696,2.54563562891,4.3556543062
17.5,0.8,10,1000,0.0983477648045,0.207153881365,0.102514871616,0.0903784806386,0.0402641237861,0.0490464982104,0.0776323520111,0.135404986576,0.197604976341,0.0818938117476,0.127779213088
17.5,0.85,10,1000,0.152672880554,0.296806909836,0.157179678547,0.140303680555,0.0601159160643,0.076678660663,0.120963404197,0.207739476028,0.298031726308,0.125499922666,0.196994400828
17.5,0.9,10,1000,0.262179859948,0.4745741621,0.266735853378,0.235589393228,0.0991448530127,0.132985882667,0.203575740877,0.353010311032,0.497042895114,0.213685222061,0.331705441279
17.5,0.95,10,1000,0.595532357831,1.00536863872,0.599765301424,0.552139914068,0.213778275898,0.303732061813,0.450119599715,0.789225388886,1.09086200586,0.489134276543,0.735680793716
17.5,0.99,10,1000,3.52830826108,5.24410193456,4.18944348979,3.14035426419,3.13290850301,1.67447729504,2.42118490194,6.49831852799,12.5023306318,2.75878065709,6.28625784607
20,0.8,10,1000,0.0803334692495,0.111910650337,0.0814145590964,0.0808976019,0.0155045728645,0.0508832418546,0.0682503142205,0.0993950428021,0.100137024724,0.0719401167445,0.0901289545298
20,0.85,10,1000,0.122916137262,0.160049677795,0.124237743018,0.123495052022,0.0239362640979,0.0773212993227,0.102954807897,0.152311512806,0.15545724053,0.109297541561,0.137607808746
20,0.9,10,1000,0.208437842417,0.255539457344,0.210306351443,0.209553329616,0.0417935695077,0.129681859118,0.172720123968,0.257853139337,0.272090618584,0.185481061757,0.234230689694
20,0.95,10,1000,0.46844025998,0.540718020679,0.473941047434,0.469497877732,0.10683998631,0.285905322343,0.382953298095,0.578600131658,0.678665523859,0.412341744302,0.537210580372
20,0.99,10,1000,2.66698488239,2.81820815493,2.72277238065,2.55187476104,1.01196254352,1.53304172622,2.06838407929,3.28015574101,5.33614506783,2.2266687601,3.39890781456
22.5,0.8,10,1000,0.0998806684452,0.150413525529,0.102544483905,0.0949894967263,0.0320073873727,0.0633854084021,0.0725112250736,0.145546926567,0.155032473239,0.0847284817564,0.12178418334
22.5,0.85,10,1000,0.153285734926,0.215200825895,0.156506612362,0.148261499729,0.048037951336,0.0996295268431,0.108789968061,0.226301106337,0.230399822643,0.129784948575,0.185564874374
22.5,0.9,10,1000,0.261141101377,0.343703487478,0.265207006213,0.25521038175,0.081221244351,0.172958824409,0.180795105763,0.381865481729,0.3950545771,0.219694044614,0.314144879043
22.5,0.95,10,1000,0.591416490506,0.727458102774,0.597231852397,0.595043742787,0.183689885744,0.394379420547,0.395917675456,0.83808933172,0.917503581108,0.496390770447,0.705347809113
22.5,0.99,10,1000,3.44583322689,3.79214942563,3.56024117626,3.22521453068,1.45548575374,2.10796353521,2.16334506642,5.28124408621,6.51781848492,2.75503670019,4.4313678753
25,0.8,10,1000,0.117593520005,0.151121788931,0.121658259439,0.117927351359,0.0379719947897,0.063075603692,0.084795530807,0.156378387783,0.192270690865,0.0994250081012,0.1442569349
25,0.85,10,1000,0.18034213952,0.215874442571,0.185108812735,0.175858052121,0.0582442785645,0.0950352369194,0.128512294697,0.24875384058,0.289511392936,0.150882264892,0.21970981644
25,0.9,10,1000,0.306616276672,0.344351543992,0.312252504497,0.294091108548,0.0994441739055,0.158754394548,0.215706800097,0.438485901011,0.482636359717,0.256077700126,0.373477504059
25,0.95,10,1000,0.687951747377,0.728093843329,0.694672841551,0.650039227702,0.224388350695,0.349493147492,0.476860262446,1.01589815928,1.05965565409,0.567386626249,0.832880790539
25,0.99,10,1000,3.75068425936,3.79286680086,3.75846775768,3.49501193702,1.22837741569,1.87386745425,2.56461427614,5.6550505376,5.66829292468,3.05744832706,4.52988023627
30,0.8,10,1000,0.0868461495478,0.146158243375,0.0942047248242,0.0779699131506,0.0502409983128,0.0475923159686,0.0562492055829,0.135396207826,0.22183779375,0.0699073849088,0.127032984975
30,0.85,10,1000,0.135985564446,0.209772950208,0.144865132788,0.118817765417,0.0775407882682,0.0734687853479,0.0862505956226,0.204870073556,0.343553457918,0.107321150494,0.195307250835
30,0.9,10,1000,0.235886200941,0.335862733803,0.246282370575,0.202274689106,0.131843190662,0.126312492772,0.146033200636,0.343919937254,0.586157637169,0.183604250368,0.331445872426
30,0.95,10,1000,0.542652024704,0.712283766376,0.554251260534,0.464488734366,0.293301934392,0.287787984186,0.324974615421,0.76101762942,1.31266963422,0.415548860512,0.751036190583
30,0.99,10,1000,3.22244462358,3.71805165303,3.39582836953,2.51955559856,1.96024104321,1.59130452976,1.75520355569,6.72209820864,7.12050748081,2.35246647911,4.6328203293
35,0.8,10,1000,0.0915519989008,0.116338312103,0.0928629016346,0.092309482987,0.0207019357794,0.0604558454385,0.0751833516449,0.109909914824,0.138125146277,0.0812743309606,0.10584680294
35,0.85,10,1000,0.141240733576,0.166793455863,0.142892753989,0.139835595091,0.0317017623287,0.100737450082,0.113578082262,0.167903341113,0.215670512334,0.12590283592,0.162984937142
35,0.9,10,1000,0.240614306444,0.266823815702,0.242574941192,0.234359606119,0.053778697003,0.182063570149,0.189681818364,0.282845666589,0.369428848658,0.214627153431,0.277014432682
35,0.95,10,1000,0.538718778906,0.565483615741,0.540956409848,0.517625140575,0.12001425062,0.415695450909,0.425547904898,0.625869716502,0.827972717831,0.47880230586,0.621959224409
35,0.99,10,1000,2.92327281386,2.95041610349,2.92571187609,2.79721766655,0.649837816321,2.21273337739,2.36573100533,3.36437750105,4.48700620439,2.5835396434,3.34235683937
40,0.8,10,1000,0.150560042566,0.184979765496,0.155161219366,0.143125461899,0.054891477087,0.0878982108066,0.115022343981,0.245783439224,0.261850926224,0.125687728074,0.189250800215
40,0.85,10,1000,0.229164953946,0.264497471043,0.234406221318,0.219449448297,0.0807543669619,0.133913002265,0.177360826711,0.368356518928,0.389926915437,0.19124316566,0.286301418972
40,0.9,10,1000,0.386061225677,0.422237483155,0.391930949785,0.364258053079,0.132685477797,0.225558529451,0.298602716493,0.612010216432,0.645343672333,0.320859930659,0.475879766312
40,0.95,10,1000,0.856391176361,0.893335208421,0.862861380576,0.792326144271,0.288735296216,0.499918261272,0.653769882887,1.34038837561,1.41021986015,0.711804423772,1.04118362925
40,0.99,10,1000,4.6181373201,4.65563894231,4.62506006738,4.21373329564,1.53763856676,2.69310293905,3.48847755378,7.15913608003,7.52442691861,3.78586283128,5.64060255211
45,0.8,10,1000,0.131711465097,0.161343921832,0.133892400318,0.132187559239,0.0356589002948,0.0882118503004,0.0903320509201,0.160508333075,0.210048801682,0.113493443461,0.155915999838
45,0.85,10,1000,0.200045654205,0.230432401721,0.202425725866,0.198261616023,0.0522296889016,0.137762447659,0.139450459559,0.242695018058,0.315445722731,0.173985402072,0.234862062063
45,0.9,10,1000,0.336378521594,0.367517865936,0.338947769703,0.331958645392,0.0852439879162,0.236606392555,0.237366339116,0.405648995924,0.524420236121,0.292154433781,0.39184409982
45,0.95,10,1000,0.745077994123,0.776980358564,0.747852406515,0.734841517587,0.184159955295,0.530562408245,0.53243632781,0.892105277726,1.14823500185,0.64861794128,0.860938920706
45,0.99,10,1000,4.01466822323,4.04719197271,4.01763744591,3.94986677899,0.975736066795,2.87483388142,2.89672728518,4.79058566061,6.12896219335,3.49026064797,4.63104864257
50,0.8,10,1000,0.11458683232,0.147754644474,0.120364419028,0.115475373357,0.0472386998421,0.0594822686965,0.0747711302686,0.171552818051,0.214094136652,0.0948761475968,0.149633817406
50,0.85,10,1000,0.177009337348,0.211105214107,0.18345297419,0.174645019433,0.0711019535366,0.0902210852377,0.113013735078,0.261410508867,0.320585394617,0.144354001928,0.226286173062
50,0.9,10,1000,0.301905746055,0.33679527479,0.308948846211,0.29259059216,0.118724449584,0.151418167757,0.189016355921,0.439644421126,0.532551235151,0.241509741735,0.37957800746
50,0.95,10,1000,0.676639966847,0.71220545285,0.684216683869,0.645896567791,0.261349586058,0.334501498928,0.41623268486,0.971635328774,1.16667772973,0.539220684759,0.843970425023
50,0.99,10,1000,3.67438087173,3.71041207715,3.68233918138,3.47087002664,1.4014269991,1.79745618684,2.23154936393,5.21870399769,6.23390684805,2.90232881075,4.51650136573
