temp,cost,accept_prob,random_number,accepted,is_best,param
1000,129.24840921016332,1.0,0.0,True,True,"[0.279163310421771, 0.7736360529074134, 103.97885893270654, 23.916335164901326, 257.3946727807948, 0.6624147517436043, 0.46917201788668617, 95.51193965105334, 37.49124914418252, 210.87670615848202]"
1000,129.2633977692772,0.999985011553214,0.07665402318279524,True,False,"[0.21935124108471263, 0.6853553962118236, 101.53185765275782, -13.923587754418826, 256.4450743319698, 0.7225144136724072, 0.38574937786874974, 95.0456506815966, 35.84616872529051, 209.31965307925984]"
950.0,129.40679887977933,0.9998490628547866,0.6405700019774223,True,False,"[0.12363178583265226, 0.8098441473642678, 95.18491695208483, -5.2145595967500356, 255.3743383104032, 0.7033647557244533, 0.24933107013686184, 101.61166817515759, 37.67687061959152, 208.07462490521533]"
902.5,129.42621423003553,0.9999784873779303,0.8174461288374592,True,False,"[0.19292983153249504, 0.7723063624795524, 97.76593082891408, -5.677946157793528, 264.79961832879144, 0.8412224317463038, 0.27171476031204095, 103.74703631764605, 38.920027460813614, 212.08658012622402]"
857.375,129.45908034519965,0.9999616673156589,0.5626608123298987,True,False,"[0.17702722249951283, 0.785471763974362, 100.62875271191716, -0.056246392843545934, 264.01794282592, 0.8310480053537107, 0.26211002536381367, 109.5580489217185, 36.736805101516346, 201.1731877749952]"
814.5062499999999,129.5515580320274,0.9998864681061135,0.07423767267569459,True,False,"[0.14274789548867814, 0.6273349142264832, 109.2304208317665, 3.272388449454947, 271.33422805094193, 0.5914967077760299, 0.3472732858822009, 106.9480777701704, 32.47569985734815, 205.0912685969969]"
773.7809374999998,129.49434611320228,1.0,0.026602979982792152,True,False,"[0.14477248150038105, 0.6009487722962169, 111.67204760570507, -14.380915858268974, 265.95572153814794, 0.5179691360926818, 0.1420015169619674, 105.4405397311023, 15.733395350781628, 199.68288008248518]"
735.0918906249998,129.54218243162384,0.9999349268267216,0.04809608733209292,True,False,"[0.18459111364441988, 0.6186312074787159, 104.51595680645443, -9.810629106495018, 277.68123695697517, 0.45705601603270135, 0.2643328704764344, 106.21346126786516, 16.126243837286033, 207.90083528450188]"
698.3372960937497,129.54416044031103,0.9999971675494106,0.5152517743295859,True,False,"[0.2629035986368068, 0.691513518570744, 110.2521946208235, -3.6700362693719075, 283.5951799498304, 0.34423639864067557, 0.39422219587391516, 106.33585413786096, 31.802400085375332, 210.29751018847054]"
663.4204312890622,129.58272077096598,0.9999418781692166,0.029781667378610988,True,False,"[0.27594719131854867, 0.5166437353797657, 117.42027580593273, -1.272196683252004, 288.14294548728657, 0.3517535098049617, 0.3637833603722799, 103.0130646958657, 37.12144192643269, 219.03156435954207]"
630.2494097246091,129.67764981862558,0.9998493899440746,0.4284770247722022,True,False,"[0.39105324222187604, 0.48317332695956616, 117.7104054633628, -14.248952522184105, 291.69127499472864, 0.2022771495617701, 0.2507196844194946, 105.98118861776324, 42.56111958022081, 221.77130445329936]"
598.7369392383787,129.42149465785428,1.0,0.1536475340022847,True,False,"[0.3978199621455168, 0.5737252055609227, 116.18882001225413, -16.480780194847583, 287.75688033938377, 0.24247588564645775, 0.27110798464023267, 106.78906831890743, 73.96024175994857, 221.31296154207413]"
568.8000922764597,129.13853083962096,1.0,0.3612099295243152,True,True,"[0.18261702924868378, 0.6215633403284854, 124.07287451140648, -11.612606374818583, 290.9113325471003, 0.3374260723308596, 0.35425637124452036, 106.74028723795398, 100.5212857681011, 219.09736352297477]"
540.3600876626367,129.01988415225276,1.0,0.8062503170725214,True,True,"[0.16936217191241598, 0.6133877565980438, 125.30783291806102, -9.037183716033974, 289.43939784496774, 0.3507457180682499, 0.3368048411764917, 102.92812617562504, 106.00391475549065, 225.0261187967663]"
513.3420832795049,129.06870837849445,0.9999048940150106,0.9925525266784894,True,False,"[0.2546367518055448, 0.514587790561009, 123.02630558782015, -16.943165353426366, 290.791090612887, 0.3199244517994023, 0.30032034854889433, 102.96759147489627, 101.35479505768555, 229.76300632222478]"
487.6749791155296,129.2916719777276,0.9995429073719433,0.7800643511992121,True,False,"[0.2748641063873672, 0.42590002515917913, 121.92192906351187, -23.478942063845494, 289.1922896155563, 0.34943895315999685, 0.19789318578917478, 103.25702810667097, 88.98755976944923, 233.11139281103692]"
463.29123015975307,129.22783706027255,1.0,0.9273281974041274,True,False,"[0.3547174318742915, 0.5980344799761944, 115.95049402209489, -13.612210585459177, 296.94629048380614, 0.3200715780995693, 0.335986316706098, 101.6831137333326, 96.23442968531718, 241.41897511442178]"
440.1266686517654,129.411503190382,0.9995827841702963,0.5749416591803495,True,False,"[0.5457886570628523, 0.643501412840033, 119.30423337059895, -22.35386650243214, 289.46264080427807, 0.2839148580541373, 0.5340355269429776, 98.72609504435742, 87.80475785468498, 244.2345968203742]"
418.1203352191771,129.50149952611454,0.9997847828880119,0.393370653923083,True,False,"[0.6454440515720908, 0.6923543249670269, 119.88294349819412, -38.614492601782196, 294.19095757097404, 0.15736025448111496, 0.3951192127928982, 99.66005385649679, 83.67460023536445, 245.54136741141295]"
397.2143184582182,129.48304403961552,1.0,0.9219378130783242,True,False,"[0.6488675885650744, 0.727864599274688, 112.94775536634693, -27.776299456865758, 294.7857607226975, 0.3105107952092939, 0.3423993207583369, 99.12635295457767, 79.1033586168077, 252.81809930767267]"
377.3536025353073,129.39327046622404,1.0,0.98990357970972,True,False,"[0.6821756701460896, 0.8462641675124137, 109.17216762931749, -38.06795498967309, 286.4173535497685, 0.5261357266602351, 0.27367872733139037, 96.73747849753414, 72.55047075432118, 251.66097133135634]"
358.4859224085419,129.35469280932804,1.0,0.5276718314096933,True,False,"[0.7833209969250615, 0.7262314385406154, 107.92087589141457, -40.34170241711686, 288.08259425943913, 0.42530241705512883, 0.20891881214070973, 94.92763508837662, 74.43293412074341, 245.6863709375848]"
340.5616262881148,129.46731275029975,0.9996693657968144,0.6212044469555915,True,False,"[0.7033937186723648, 0.763655557001032, 106.90590255889029, -35.43863351736296, 286.80238575726366, 0.34653798301836913, 0.13446869283510124, 104.38055303731906, 74.01893875503978, 249.50967899296074]"
323.533544973709,129.59134715618936,0.9996166993034873,0.6608787707567251,True,False,"[0.5470767529107476, 0.9108761984730704, 111.3217389849109, -34.69306135269265, 296.48365778731835, 0.28054745008412607, 0.1287788645476441, 105.10623155127911, 52.9047130281888, 257.3793970285436]"
307.35686772502356,129.6679564567583,0.9997507791043678,0.10939881980757948,True,False,"[0.5709608717298491, 0.7894754670948789, 115.9476621792684, -47.198560049594626, 299.93489453074073, 0.269168504275122, 0.11336991143999295, 104.62022398881427, 54.753750398199216, 255.37775973290033]"
291.98902433877237,129.75630622923285,0.9996974666851747,0.9508527867644899,True,False,"[0.5603875148023274, 0.7915591039464344, 118.70438226631595, -59.27743257242337, 302.9888547515643, 0.2331542386576076, 0.20548290534224659, 107.7021879011144, 47.30704543144209, 255.58130502829897]"
277.38957312183373,129.6634388646448,1.0,0.8819537760176788,True,False,"[0.43406847178773, 0.846334234397331, 119.66721812994793, -60.93534721466494, 302.59123952513914, 0.30430856353510694, 0.2829018397843573, 108.18989698478794, 63.35567972685379, 254.82131603839275]"
263.52009446574203,129.54129565844707,1.0,0.3448537390481652,True,False,"[0.3092062461304892, 0.8675446128784532, 118.40862585600912, -79.50803819077359, 311.0487141683452, 0.45474829241152864, 0.24029298665993437, 110.55757998917018, 82.76679931788411, 246.99784775670713]"
250.3440897424549,129.36615419606832,1.0,0.39658188768257285,True,False,"[0.4104084210213836, 0.8635467468512548, 120.12906983280307, -93.87669085797556, 314.69794123192025, 0.5282691927273877, 0.11361011074303676, 108.58610258431683, 77.5100644715124, 243.52598328965186]"
237.82688525533214,129.07555267752306,1.0,0.028874672297316217,True,False,"[0.43156777446996747, 0.8786542669685237, 119.6903114035285, -92.7129221486017, 310.9616732704656, 0.5859004903816133, 0.10278700231087962, 97.47546301469775, 77.20299161239072, 233.57265723252678]"
225.93554099256554,129.561552849363,0.99785125510878,0.42916123260129757,True,False,"[0.18737892346001356, 0.910397783866936, 121.08471277105794, -110.39378155001293, 311.7165851410301, 0.7162119802749538, 0.15817430534004817, 105.73553283174546, 82.43305588515129, 231.16829071074812]"
214.63876394293726,129.55464674806439,1.0,0.382088328278149,True,False,"[0.14120858823153065, 0.8799199668278452, 121.15084872402656, -100.15359252532332, 302.83271890153094, 0.721696618614499, 0.19456457464341542, 100.47158083689534, 67.31040997765949, 224.1796299489002]"
203.9068257457904,129.44856398210823,1.0,0.6117457280653005,True,False,"[0.12548950541889906, 0.8508992262645881, 125.54811240296574, -82.72621092605829, 308.8804243476595, 0.7279206929160131, 0.2132941883538399, 88.49091795435304, 65.5180865319247, 222.96884087325847]"
193.71148445850088,129.62520957694218,0.9990885151791442,0.46682227754632577,True,False,"[0.14547571172544568, 0.8355315477067378, 127.79185798325523, -84.6756758001504, 308.72465023772725, 0.6492369087500549, 0.27508272588120547, 94.23936447262274, 55.671013514433525, 230.00553587635474]"
184.02591023557582,129.4327657186804,1.0,0.8329770258032891,True,False,"[0.14663485027706336, 0.7587605234837381, 129.05811535431764, -66.40443703225493, 305.2101767062109, 0.5154377268726796, 0.4348774078037868, 89.00401767055438, 74.16712807726103, 237.3221776211844]"
174.82461472379703,129.5721809934929,0.9992028599582597,0.20925556276557344,True,False,"[0.22064226880342208, 0.8362833601666149, 133.0188301823073, -55.27291554044312, 307.24592103165224, 0.7452239100727057, 0.4755121440062766, 87.24842194848884, 65.47070603801698, 239.98426784309402]"
166.08338398760716,129.66518387206213,0.9994401797370736,0.2421017023208757,True,False,"[0.2373717668563882, 0.8585389036879829, 131.57489505682477, -50.33527109302291, 301.6304264787239, 0.7424510925503298, 0.4022504053950714, 92.59388684119165, 58.98236866524427, 237.68084406308787]"
157.7792147882268,129.74936838446078,0.9994665833658423,0.25267258610937315,True,False,"[0.3013122788411821, 0.9033296622315852, 139.73249206894297, -48.48996419309978, 300.3926549740465, 0.7427084682321177, 0.4572283549719211, 92.69997659526678, 46.124618925917645, 237.04884545573537]"
149.89025404881545,130.13213330251833,0.997449623290185,0.7201329430802487,True,False,"[0.11361157947124123, 0.8901561746542656, 149.55987204471478, -55.16781385067426, 294.13101611106737, 0.7933328380838459, 0.52342235036505, 97.97457793737549, 23.28846867281657, 239.2866739568394]"
142.39574134637468,130.054806301337,1.0,0.32472674394927936,True,False,"[0.18495427636468514, 0.8294939365889892, 152.8879234730921, -52.50566318294383, 287.85485722576595, 0.7547414041608227, 0.6697771675541223, 103.55305868002472, 28.098768722970988, 239.78960044749485]"
135.27595427905592,129.9100024859608,1.0,0.8597763557157209,True,False,"[0.18270401876250833, 0.8788479104657705, 155.23685270617062, -56.739722329712755, 284.09037022928595, 0.7886544141874031, 0.5945296605508446, 93.4747644268283, 37.859198625331096, 233.4744380243517]"
128.5121565651031,129.74457131687754,1.0,0.15185101140958357,True,False,"[0.3082931549711004, 0.8901137683958319, 153.57040611308128, -55.66352949614181, 292.38305608247583, 0.6403665300308945, 0.6252375309743317, 91.71148896967189, 34.014991210032186, 228.8518798837252]"
122.08654873684794,129.79718777781721,0.9995691161321407,0.8784718066149059,True,False,"[0.18263646403069483, 0.8261347667991038, 148.63150791362503, -51.0163580165053, 293.28479221876586, 0.5868705288399503, 0.6218895911223992, 90.9009169725527, 44.56566995843233, 237.33937564660943]"
115.98222130000555,129.76086546700986,1.0,0.9051489348497552,True,False,"[0.26910481071374814, 0.7593487519036629, 142.3887649868694, -64.01138980776598, 283.0452359497486, 0.40074439653644134, 0.6455005089980091, 95.78703536682991, 18.92417535730232, 235.31660977001516]"
110.18311023500526,129.80189351925756,0.9996277068739907,0.7630922104120567,True,False,"[0.31239779370146165, 0.7360103282084813, 147.17387368077743, -51.591857006820334, 284.41519365673634, 0.3283629792439655, 0.38348304995317223, 92.55944202105904, 15.50824322548048, 241.53841076975073]"
104.673954723255,129.93341732405784,0.998744279708366,0.3858582081228117,True,False,"[0.17764647319602475, 0.6613026058727753, 149.93317210392988, -47.35188399433426, 280.294170044, 0.24884245251889375, 0.2135533811936673, 98.93414645393356, 18.076119471562784, 244.41428816128848]"
99.44025698709224,129.74358771572219,1.0,0.5775056986711253,True,False,"[0.4148485109544239, 0.7786426297891523, 151.5227674624615, -42.59456776806736, 277.2904239672698, 0.35671584460473194, 0.21766776652289135, 92.9064859268961, 31.693719945411026, 239.32612208466375]"
94.46824413773763,129.73255336012633,1.0,0.6487666629642821,True,False,"[0.4749010246270007, 0.6465491297133644, 149.36143202627835, -44.557911906040005, 272.4199400027573, 0.33653882803096924, 0.4166552167410955, 93.87413207524642, 38.80253420969085, 242.63208325774357]"
89.74483193085074,129.6584791929488,1.0,0.4977939282723598,True,False,"[0.457533280050769, 0.6609538700389381, 152.86502820748302, -38.7631439652219, 271.3911991783188, 0.1680882488671768, 0.11869202061131162, 89.98016493783709, 46.615115506828005, 240.035999310654]"
85.25759033430819,129.80447304713135,0.9982890798806824,0.3370849349539319,True,False,"[0.5097945979852081, 0.6185892034598184, 149.91318405249902, -36.19777396264063, 263.74644242401627, 0.16628341659892137, 0.15036587548208674, 99.24542540435344, 42.197440288290345, 244.78847849076416]"
80.99471081759278,129.8949494345484,0.9988835583052823,0.7914115316287118,True,False,"[0.45043696143353174, 0.49790597435961226, 153.97812401831098, -39.60727148061403, 271.7689486660513, 0.1625493011872327, 0.19885453397774708, 103.79007533378538, 55.094319505839294, 248.49461392738786]"
76.94497527671314,129.86366418698026,1.0,0.12326733113842914,True,False,"[0.46365046556719064, 0.3760703099232071, 152.43217165700418, -33.80750672466609, 266.1714725979027, 0.20713143660848524, 0.09452823953069146, 98.8950007885595, 38.858446293492705, 251.13848440870615]"
73.09772651287747,129.76096834650704,1.0,0.15868342539238878,True,False,"[0.3784495736598819, 0.5238673829679843, 149.75540452670714, -39.68671000209085, 273.28944479336343, 0.21132974480813319, 0.27371543448329655, 93.26328513200144, 46.607163117621546, 246.0586820908248]"
69.4428401872336,129.8183641196009,0.999173823245905,0.06438394246349088,True,False,"[0.3305525960053386, 0.43651173178124014, 152.2904360937559, -35.055062411709606, 268.7050689255691, 0.13342131431518417, 0.27638212426302655, 88.86694728871626, 42.43217978957694, 244.3769116438151]"
65.97069817787191,129.70063427616378,1.0,0.46896041329124216,True,False,"[0.37587543627977127, 0.5113760415982992, 145.73930832430534, -17.35691207687858, 267.0478037718194, 0.22966768289191294, 0.2621588417182331, 89.78172457623742, 43.02837541007278, 245.868614346437]"
62.67216326897831,129.77377056483382,0.9988337145605285,0.6238907150294725,True,False,"[0.35135403384309694, 0.3523296357092728, 139.87147241427073, -20.880629654828084, 274.6935358258668, 0.2399248547507917, 0.19991203022472087, 91.25175186981939, 34.52211142583822, 252.78796871835883]"
59.53855510552939,129.8921692996842,0.9980133698506202,0.20950533980374242,True,False,"[0.3729662961915561, 0.2546313858763619, 140.2846495126339, -39.56440148212404, 273.20377288420866, 0.1708992299021595, 0.1782116166388101, 101.69048809892175, 38.742194650064455, 234.3746735835242]"
56.56162735025292,129.66995514201056,1.0,0.6199984206540708,True,False,"[0.30368252698806025, 0.3876564045576223, 140.96136842962977, -49.823484014342306, 271.634780001458, 0.39530381619089217, 0.14478556484970712, 96.7736614229299, 32.299060622169904, 236.1541011360075]"
53.733545982740274,129.73081289164762,0.9988680572205357,0.7365079776434114,True,False,"[0.3882882033318997, 0.28752703914573846, 143.2612325175816, -58.26630962263656, 276.7434473593893, 0.22854557932026476, 0.1251435665969416, 96.02224892516331, 35.25083614149078, 238.69267393479143]"
51.04686868360326,129.8750941477765,0.9971775438891627,0.538723547596306,True,False,"[0.3916004795530631, 0.18606648975528078, 140.12312528245468, -43.88121183352021, 273.7015566440341, 0.14672804067832043, 0.17889439812400448, 88.5160301184019, 36.667467030216606, 250.58249925065417]"
48.49452524942309,129.76599099449044,1.0,0.2710273261768368,True,False,"[0.5479616405186866, 0.11884793243494592, 135.1859526771592, -36.11337293702762, 280.9084015830558, 0.18891566634117898, 0.08565569949813898, 86.67641972097294, 33.74682422562215, 258.37509432932535]"
46.06979898695194,129.80470337407277,0.9991600545256919,0.8420731373272773,True,False,"[0.5149608020396003, 0.24063888098171426, 135.0375683066395, -21.953567798060103, 279.9891533871765, 0.25968093070163306, 0.15323035657420442, 85.78290868325261, 35.27959709332081, 259.40825926042186]"
43.76630903760434,129.79808466571902,1.0,0.6353098687524431,True,False,"[0.559193653483341, 0.35939383441879125, 140.55040385319597, -21.625056819871077, 281.00824546073244, 0.2650705592506184, 0.2163619242241525, 84.25189864654621, 42.35970320007146, 264.62509063274274]"
41.577993585724116,129.7305945698832,1.0,0.3540856251503892,True,False,"[0.550029581909641, 0.4645677099190554, 133.87384614109365, -9.23618066090135, 283.73994959630386, 0.2414897669518423, 0.1738671714588227, 81.75444797450612, 39.49813077830388, 267.68224241716786]"
39.499093906437906,129.70805599190757,1.0,0.837605688049568,True,False,"[0.4623365915882523, 0.3693717594286116, 134.69129231052077, -23.59560523118952, 280.05738249668616, 0.2598684158587928, 0.1496686997281127, 81.55745485315136, 27.1472720949791, 260.98791084819976]"
37.52413921111601,129.69207787441601,1.0,0.16930908396933997,True,False,"[0.3360220264169692, 0.5260507979820765, 123.11516035080986, -21.31546347146016, 285.19199530971855, 0.3747305722778282, 0.29905801839956425, 83.5803219109947, 12.343886550509868, 268.29054783369475]"
35.6479322505602,129.85501799792746,0.9954396147170043,0.2570033936452797,True,False,"[0.5323431491860402, 0.46161919115688643, 121.20951319799225, -40.70037220336314, 293.39282800760054, 0.27610238703482287, 0.37080003714014786, 85.53706202360537, 11.213113356655864, 269.8580362774023]"
33.86553563803219,129.55085895866713,1.0,0.7096698870968126,True,False,"[0.5635246319077611, 0.5277287890429423, 118.80470701279592, -44.10979188349895, 283.09172042161197, 0.4544270737748559, 0.23226718179299594, 79.01105976207336, 15.290661983337436, 265.6767813986412]"
32.17225885613058,129.44324757935712,1.0,0.057708788482574325,True,False,"[0.6476099743236019, 0.5551437249130949, 113.2502079996734, -25.874170212056264, 277.8181606367384, 0.4705593700300369, 0.19401316598685844, 74.94919962475967, -2.5487461073619144, 256.5653618465126]"
30.563645913324052,129.53604889105642,0.9969682750955374,0.07506558806920827,True,False,"[0.577581073102197, 0.6191290136852062, 114.13547416337235, -24.239751663755758, 284.3886460248769, 0.5083832346608123, 0.35091254509839775, 83.24276388579683, -6.133308035065692, 251.9940369929603]"
29.035463617657847,129.25862581073247,1.0,0.939993597939946,True,False,"[0.4075049179155426, 0.7219768915228636, 115.69359723357869, -41.80207161632224, 284.8748364255492, 0.40267883009526584, 0.4994146206969209, 73.0822595870859, -10.825829859798375, 241.4593054791002]"
27.583690436774955,129.5344733799336,0.9900494509608502,0.6387061359931299,True,False,"[0.5217143901312029, 0.728682253789883, 117.96587089968331, -36.05380786843481, 275.23913712174766, 0.20859906126689742, 0.6929231887866911, 80.60732965300916, -7.13758712552166, 235.67551113084042]"
26.204505914936206,129.6151071876078,0.9969276323675264,0.034209197299211236,True,False,"[0.47747773800264515, 0.7600850073608237, 116.08817804225158, -43.11759297741157, 276.3770811254059, 0.15598571980721762, 0.7037907218393085, 86.61496376581901, -9.605361321157613, 234.90864310867994]"
24.894280619189395,129.4437318453477,1.0,0.4618806497896325,True,False,"[0.5878831601868335, 0.7818090233621711, 118.59606173534348, -36.24250186282751, 281.6229836102474, 0.24521237857355466, 0.6072048543101736, 81.5964981749706, -21.985390624766968, 232.04470251399331]"
23.649566588229924,129.6683250532705,0.9905482357953934,0.7568614802885887,True,False,"[0.6798840119567161, 0.7892000172245545, 113.50844921689752, -23.482479310093836, 283.81120351221296, 0.16205311547939782, 0.8673431835505263, 80.1395964688367, -7.627049951924651, 233.20633513373306]"
22.467088258818425,129.41731949328724,1.0,0.9546893703288853,True,False,"[0.6720957696190345, 0.798922553542943, 118.17998564688828, -12.351680933656871, 284.74310605041484, 0.27633889244188864, 0.8538840213069332, 74.11143121955473, -26.767598707214493, 233.391555202464]"
21.3437338458775,129.24004166114483,1.0,0.967725278008776,True,False,"[0.6794530070101175, 0.8801491457151296, 116.68192492887256, -25.47912178255828, 281.30841978290874, 0.3047565529266306, 0.8850620158705036, 69.74125412526801, -43.96443513875745, 239.7899953802742]"
20.276547153583625,129.06126173376703,1.0,0.24342906060375624,True,False,"[0.6318573468234279, 0.8545510570656483, 107.96060404751417, -17.13116097469674, 286.86057788760723, 0.27438683355991766, 0.7337957395028446, 64.84502061845319, -42.13484466241979, 237.23191593632504]"
19.26271979590444,129.3667828254795,0.9842643739910897,0.2380916405951612,True,False,"[0.8180025982364773, 0.8358535731052353, 108.50002760493427, -27.22001319054145, 280.3803107335968, 0.26828950242196264, 0.6672879812141623, 69.32745689898555, -20.641415671064546, 241.8662490962878]"
18.29958380610922,129.49580467471088,0.9929742620842469,0.029828930819003063,True,False,"[0.7927537196702463, 0.7921012117249568, 101.85443224930226, -24.930067781259833, 279.32060351324884, 0.20678968553223143, 0.8410186976472858, 74.82090306623398, -25.283618529824547, 247.83287537918613]"
17.384604615803756,129.2702156106047,1.0,0.0885863564010545,True,False,"[0.6298552087438394, 0.8987229251166002, 92.94857788050793, -34.09461821047468, 271.6221321643183, 0.15967274837601986, 0.7839752080651932, 76.37052439360905, -24.181048149615318, 251.67825710501177]"
16.51537438501357,129.36007927369747,0.9945735639905906,0.6142368733807276,True,False,"[0.6339768011733757, 0.8720925192295822, 89.34158640448665, -13.469076950986825, 272.40468092668254, 0.19398413425328329, 0.850194853392131, 86.01812115381753, -36.13819906206006, 245.47174129292864]"
15.68960566576289,129.28577262967138,1.0,0.561246412525363,True,False,"[0.6217777573774718, 0.8622190724649865, 87.79602819303169, -3.6340557834782388, 277.3698558365061, 0.23374340237254546, 0.7844610097147203, 83.37749142703991, -30.778610903959834, 248.14676135651666]"
14.905125382474745,129.26351277841343,1.0,0.8484203474627047,True,False,"[0.6177882303072674, 0.6488730204565608, 77.92532044878674, -6.627133047326854, 279.2994578891493, 0.19885438213742082, 0.7701309143063854, 85.202146783416, -30.849054579350597, 244.04481790543517]"
14.159869113351007,128.98011549897444,1.0,0.5738664560541128,True,True,"[0.6334521288806068, 0.6173880637685328, 69.22652954967838, -2.511835697769019, 287.76602364188693, 0.3189957266751616, 0.8171530364392733, 78.03672486570173, -24.600387931367862, 242.66591530325564]"
13.451875657683456,128.8380644001633,1.0,0.4944193473123286,True,True,"[0.5143599506254323, 0.5763971727375597, 70.54101214632605, -2.3567757170514163, 283.7539370408329, 0.41216798884012784, 0.8174439522876278, 78.66624940814015, -31.03254724888944, 247.4371896106385]"
12.779281874799283,128.48204112245656,1.0,0.23203360050813604,True,True,"[0.4937899891485206, 0.5568303062349782, 63.285212930229264, 11.146560528708974, 286.64447444108134, 0.41551137431584284, 0.8460368814146773, 75.96889708012962, -56.248461690694, 244.94808605157917]"
12.140317781059318,127.82128186532532,1.0,0.3919955926605041,True,True,"[0.38023628445979946, 0.570819116405033, 52.21168125366407, 8.384376402204328, 284.7841431031521, 0.5101828551149994, 0.8794565511932535, 66.12039741756215, -71.63512899408508, 254.10886014415567]"
11.533301892006351,127.95690347439464,0.9883097372646905,0.5203982367068887,True,False,"[0.38570695302179503, 0.5590872571041442, 52.76095384194705, 28.38780634511486, 287.7493128599782, 0.48300090129133655, 0.8050111911175007, 68.23193978021031, -63.79874581810896, 246.9339974678447]"
10.956636797406032,127.81647814710317,1.0,0.4877821743578993,True,True,"[0.29410975334081146, 0.5739944905656976, 46.93687131229308, 34.84213260648628, 282.88333607902564, 0.5034660608177673, 0.815718013124239, 65.17071148767798, -56.75288316552913, 241.60553735783674]"
10.40880495753573,128.07071974592344,0.9758702635488271,0.6243131959020399,True,False,"[0.31788280275742314, 0.3646938387589519, 49.65481107353823, 18.35104250982548, 289.99505811526285, 0.5435965181021758, 0.7082741716689314, 61.86319356546494, -38.73921041128247, 231.55643874116086]"
9.888364709658944,128.0942767634796,0.9976205388236827,0.868061049440024,True,False,"[0.23142491836237292, 0.27649465679255575, 42.939863900483275, 24.95422149547247, 295.78576896433043, 0.46662646175094735, 0.6952016166012338, 66.67569879648671, -37.38452697304393, 237.42082018788335]"
9.393946474175996,128.24593091411649,0.9839857962187298,0.9136159484328437,True,False,"[0.27984942469343843, 0.29718523838165223, 46.95437602764382, 32.024935066428306, 298.76166550890576, 0.4126928172213461, 0.7385776907704041, 75.35871512189736, -44.69354628673084, 234.03717807225848]"
8.924249150467196,128.26525309350956,0.997837209986041,0.05422245211675569,True,False,"[0.4177901736093482, 0.37156708727757776, 42.04875228357095, 15.240829393567427, 295.7902516062492, 0.4140146301524367, 0.9049904893928075, 87.45858558734919, -53.36648736770752, 240.72173439919038]"
8.478036692943835,128.4696592913619,0.976178239815692,0.33967516609464354,True,False,"[0.38963264529485453, 0.38407323634145646, 46.641335349424715, 22.674062494686765, 292.26905009842153, 0.3407769867789106, 0.8803351298980767, 92.01403891254469, -50.911413891903244, 230.70996979579562]"
8.054134858296642,128.23625722024624,1.0,0.9504988058605283,True,False,"[0.3180463807159869, 0.2602793834191868, 42.39696940815294, 16.777638685065142, 293.61511435663357, 0.23343855786917767, 0.8081101769866461, 80.75889333818886, -64.25870836580205, 233.55663030083159]"
7.65142811538181,127.94763867985066,1.0,0.5937975371367774,True,False,"[0.3867683784649887, 0.2321338738976838, 43.02636949726696, 10.566842337597022, 292.4913783225223, 0.26592688256589186, 0.8398422281962971, 75.20155643031865, -79.45407828895215, 233.9076167767792]"
7.268856709612719,127.83122763636058,1.0,0.333412797117546,True,False,"[0.4291766696746535, 0.29274338142787965, 45.06105092624957, 30.49096676887919, 291.00371569643585, 0.23740252663779815, 0.79467090146758, 72.58639190612529, -81.75773067773373, 234.9482965243474]"
6.9054138741320825,127.5982968665521,1.0,0.31739362486213585,True,True,"[0.37780790865049985, 0.14495320668035439, 45.585661776516666, 33.529527491370466, 286.5848191019497, 0.23220762808077833, 0.7629305502376869, 70.26287692558455, -80.89426678904766, 227.32154557537365]"
6.560143180425478,127.74871872053892,0.9773312266391343,0.3893906426594258,True,False,"[0.5025885475155313, 0.23487025835609537, 51.55436848816915, 23.44566551859378, 278.6355788004483, 0.20828986832888932, 0.6079267389811102, 68.158067119908, -75.88130276395131, 220.4706463374837]"
6.232136021404204,127.5877867072687,1.0,0.9171921284662885,True,True,"[0.46853696538903056, 0.16193982904551518, 50.94149495403798, 36.836026342964736, 277.1486651907915, 0.23880927015413062, 0.6954349716667062, 63.91198160952874, -68.75054755829228, 220.12762891163612]"
5.920529220333994,127.71429878957633,0.978858312252095,0.37453600271342735,True,False,"[0.4808216460788121, 0.37484478381702335, 53.230428695126406, 32.61672762876346, 271.4564042355846, 0.3207369487476766, 0.8410117117237896, 70.70559401835112, -64.71873761743939, 206.92877460199767]"
5.624502759317294,127.12974074173378,1.0,0.057385677395820456,True,True,"[0.5342044939223606, 0.33063294673140486, 50.5393254017859, 27.179158113334168, 262.60485199908885, 0.41688476071069774, 0.8386575243047687, 70.93033566826408, -75.59556217943991, 200.2212700255092]"
5.3432776213514295,127.5935132412548,0.9168645672486446,0.856989626066605,True,False,"[0.6367222972565059, 0.21456232908002687, 53.92554980796913, 27.273011822328165, 268.2178128148238, 0.4016745511449413, 0.8732137926707338, 72.11275691985225, -58.818675464721444, 193.91592644259362]"
5.076113740283858,127.42587464482862,1.0,0.3216668067725994,True,False,"[0.5987189519888051, 0.24523585010002713, 49.233650639078085, 19.895848376146624, 270.68371067702714, 0.46120397049324147, 0.8876153221650617, 73.3578140624503, -59.81892904737626, 191.62522430279242]"
4.822308053269665,127.57089427030775,0.9703750245482823,0.06845597085452015,True,False,"[0.4338739210687307, 0.1845811843718412, 48.80789721713223, 27.70291803642444, 277.26841074318753, 0.3496880294502342, 0.8331046910356738, 71.03846175455794, -54.9575905258971, 190.1725215975687]"
4.581192650606181,127.50918614809459,1.0,0.5118545419348192,True,False,"[0.38661988305504025, 0.15054940385366955, 50.15426498184891, 19.941501889168638, 286.71097361380924, 0.5192709237593037, 0.7066781918420197, 76.6002363577962, -63.15182553971569, 179.51078465677148]"
4.352133018075872,127.52474991241324,0.9964302634070209,0.14361180808004537,True,False,"[0.44671783432292017, 0.15670368540634647, 49.509566655742866, 17.35114596243447, 284.86853049893966, 0.3744766622582487, 0.5387191891800399, 69.69467391265158, -50.69545873377238, 177.96339451905388]"
4.134526367172078,127.72686516535961,0.9522908829317223,0.9425182112166384,True,False,"[0.44016883581570576, 0.107703088023616, 54.43062935377528, 10.494137919349125, 287.3036171289582, 0.4635305087738811, 0.7716558511516456, 68.21529140408383, -34.133975999398764, 174.89228345275853]"
3.9278000488134737,128.02007469466307,0.9280684292539212,0.4160030653957497,True,False,"[0.40338930625139197, 0.16090386789834163, 54.60710652606982, 14.086492963906394, 294.21184302138556, 0.4297169419047412, 0.7309858953459498, 69.55299789982276, -10.574503560494481, 177.56034407030836]"
3.7314100463727997,128.0040678969425,1.0,0.7381583251448948,True,False,"[0.40635688711483264, 0.08945383156993186, 55.3755179316577, 12.676246046353658, 295.6248338949878, 0.38784527991864254, 0.7557705579523849, 73.14816023087046, -7.414357007169826, 169.21132094963218]"
3.5448395440541596,128.09809033512792,0.9738249151288171,0.931202882409592,True,False,"[0.3821742575941375, 0.1046680151370063, 58.05221548998096, 10.369085218513192, 296.9116989553626, 0.5531414098452303, 0.836926674323121, 76.63371527868759, -13.617788007477369, 171.81593765328154]"
3.3675975668514515,127.76746470990143,1.0,0.9927819154819365,True,False,"[0.3527229423463684, 0.25494625728305864, 51.787165804611654, 19.461620743862657, 290.9027538625102, 0.5850453177116934, 0.8799608837696723, 69.88311380553067, -14.121989413641513, 168.4719290909154]"
3.1992176885088788,127.8711498527181,0.9681100304316457,0.7378213393473788,True,False,"[0.3649524484105336, 0.3176530855941436, 48.805066424735976, 11.140539285873286, 290.96963302552206, 0.7119699572840446, 0.882744993359356, 71.72626973029023, -10.393890691015212, 157.28444705999362]"
3.039256804083435,127.99779397907973,0.9591867978067656,0.391905215595042,True,False,"[0.41640240820519525, 0.304792622604679, 53.16472448119932, 8.368159046319104, 284.1417547622709, 0.8140721619737494, 0.8588463653422754, 71.21015940724473, -26.82004616779963, 156.32485829150116]"
2.887293963879263,127.90017289886664,1.0,0.09031871620140997,True,False,"[0.3865133670071051, 0.3636741985220391, 53.53744091629818, 6.482346895573107, 291.2512997995451, 0.8234267076845904, 0.7837510961160187, 67.57647593215151, -35.37511128150959, 160.09756034088]"
2.7429292656852997,128.08047824143384,0.936379351700468,0.20168747858914393,True,False,"[0.23851509475659985, 0.3129614798042925, 52.29718469661285, -0.5281475688591071, 301.7108017776752, 0.6663953989270379, 0.7903427879795408, 77.79338033059605, -24.459257574169612, 162.40706988396852]"
2.6057828024010345,128.17989442476514,0.9625664874548977,0.3278973274376391,True,False,"[0.23481534811571306, 0.4868970872177205, 47.874867444483215, -1.179245577204206, 305.0706182988872, 0.6321515158114601, 0.8292663513729117, 84.78764740385849, -18.57811950455445, 165.76583507740875]"
2.4754936622809827,128.30161042346,0.9520208204673049,0.9164348838419699,True,False,"[0.2313339144800651, 0.47919268465611126, 49.72331902311167, -7.610695218310482, 306.9339508282751, 0.726153192754319, 0.8409844987026258, 81.90137646499967, -10.0580104831716, 165.06517338245988]"
2.3517189791669333,128.22830065427604,1.0,0.07076226891593207,True,False,"[0.285864230245797, 0.277897737664266, 45.18979837461033, -17.18609565216091, 306.18032342172387, 0.7431874900407628, 0.8656413027812149, 85.78710643277317, -12.186054295247349, 166.10247796472734]"
2.2341330302085867,128.6020103061542,0.845968813069244,0.6299606546692995,True,False,"[0.25651715903997535, 0.2881991002638307, 53.36618862272748, -2.525578022465538, 306.9779931518274, 0.8591117431612365, 0.7304637529287518, 89.0470878918283, -9.800226043143823, 167.24607465957533]"
2.122426378698157,128.7531799460247,0.9312524152962279,0.41240337098436686,True,False,"[0.26167699006977185, 0.24535688364370703, 56.70561394032235, -0.6084112103721055, 308.66193660898415, 0.873925935715502, 0.7380278011811594, 90.6113159563079, -10.254608485766969, 170.38166107535187]"
2.016305059763249,128.54988548562534,1.0,0.4589744038026179,True,False,"[0.2379472708881767, 0.24067630165502477, 56.0935385163117, 13.442203380536645, 303.92953336931225, 0.8153044596568724, 0.6630329967331052, 88.95535233220137, -6.548634822119578, 166.2467140730624]"
1.9154898067750865,128.3544305165,1.0,0.5840909976937538,True,False,"[0.38152058463526695, 0.25547259925298077, 53.28558947146785, 7.318122823735078, 305.83940178882455, 0.7555575397151475, 0.5322747993598185, 87.58983456477749, -1.900585303869649, 156.6033001537162]"
1.819715316436332,128.39782569893626,0.9764348614771333,0.43038915236181274,True,False,"[0.23834745310881214, 0.28466875337946207, 45.677682240443076, 10.70907059278158, 309.0450102484816, 0.8049510550520931, 0.5950951099597357, 93.82572268866129, 4.084281263153882, 162.41324642427716]"
1.7287295506145153,128.49119747428716,0.9474209374960229,0.5974668605639321,True,False,"[0.3696623760552977, 0.2365877644314423, 53.49344954659994, 10.753495573280798, 307.045485149925, 0.8353010344173556, 0.7827627295537736, 86.25442368643355, 8.425274321206514, 164.20295875368006]"
1.6422930730837895,128.57298614031137,0.951418257911999,0.08379857075250241,True,False,"[0.25861669726970643, 0.24207285233205642, 53.86829535814779, -5.0149099840368745, 308.7714980277418, 0.8534686658502869, 0.804073631910108, 86.32907121738212, 18.12829936149638, 164.23158258193243]"
1.5601784194296,128.64083350855736,0.957445068716645,0.24765599776249192,True,False,"[0.225034263215877, 0.3975424085660969, 55.13568723615879, -16.214551625273927, 313.5022120841525, 0.8040154799652928, 0.7687467583699884, 89.60085801475364, 23.086127228408333, 172.076022717604]"
1.48216949845812,128.78622446909878,0.906564278653234,0.7009711629314719,True,False,"[0.2940635827470844, 0.5774356442683417, 59.01585161263619, -26.459418406220365, 306.42078969147406, 0.6927831870633874, 0.7876503981877268, 104.81700837775833, 6.154753757559902, 171.3089049211032]"
1.408061023535214,128.60578194196307,1.0,0.7378733797471063,True,False,"[0.2746096601233107, 0.5480555221337623, 58.9461206774678, -25.426817260450743, 304.6688779144113, 0.5216220842267177, 0.8428900332607224, 105.20058352062208, 16.255330363401022, 167.21975019641985]"
1.3376579723584532,128.57238874300657,1.0,0.1548861806803371,True,False,"[0.22403711210102956, 0.34892555693567306, 54.39858761061477, -44.66115129717035, 300.8822444956122, 0.578217624587656, 0.6343747574471243, 104.88996249739446, 21.920537814584748, 174.43623100293635]"
1.2707750737405306,128.81621524580876,0.825412288589194,0.36429095027084846,True,False,"[0.4641435814335964, 0.34829702719865074, 59.67978078299176, -37.67328505975921, 301.27475341746737, 0.6699327010208562, 0.6366524852477875, 113.28069352133419, 30.504247530591673, 184.63824667997918]"
1.207236320053504,128.89669329381255,0.9355103740044487,0.18834112211654086,True,False,"[0.3768423145690328, 0.18894814820644823, 54.96926812078277, -28.53634197024055, 294.79325466346825, 0.8145557357224289, 0.7751298960939647, 115.75775474679959, 12.49761452989291, 189.00402719788923]"
1.1468745040508286,128.89237053089093,1.0,0.9406065902058969,True,False,"[0.593879811408289, 0.12225158158021929, 56.05897340433644, -31.99547684985724, 296.63433539856385, 0.8535436684807538, 0.829048014550244, 113.28533862689822, 6.514181317670521, 185.26786750961492]"
1.089530778848287,129.03571668334664,0.8767206483855681,0.3129007653182909,True,False,"[0.6405265648216778, 0.23733330021706603, 66.29652146725962, -19.477071537723074, 293.8492041102773, 0.7453084088264755, 0.8151480230972099, 105.57912376353485, 16.925049846440558, 195.59419923037382]"
1.0350542399058726,129.01358107891912,1.0,0.7861155018508105,True,False,"[0.6540426628329462, 0.13570953798201346, 68.11587928472514, -18.74809480806729, 299.5762686898611, 0.729202755057887, 0.8602292760879736, 98.67658348756454, 12.937790830820877, 196.366098832663]"
0.983301527910579,129.0324367923236,0.9810067663863998,0.44335594540239653,True,False,"[0.4230856029398604, 0.2641071358828166, 68.02501811180251, -31.637715254567293, 291.1527012665105, 0.7979058706702244, 0.8585263716964499, 100.12250381200636, 5.504862818381346, 191.54559830942944]"
0.93413645151505,129.11810206917644,0.9123739735285818,0.6528604197202686,True,False,"[0.4189780069545079, 0.21685728768447948, 70.25297776505593, -35.41004662315997, 292.45448528588815, 0.8268054965816005, 0.841252331196813, 104.69569797990913, 13.039244913338429, 191.9401348984306]"
0.8874296289392974,129.16944925115612,0.9437815320464409,0.7762574177076813,True,False,"[0.21506468975667545, 0.2865882447464795, 72.61583970417868, -37.985988405056524, 281.84004228336477, 0.8422158042815737, 0.6634092649550324, 111.4059133954807, 14.634697929409105, 196.45013989117678]"
0.8430581474923325,129.18372608764804,0.9832080030090025,0.8650258930745301,True,False,"[0.26915878437855006, 0.41301107758671135, 82.38032681062298, -34.48667296158426, 286.13769113145787, 0.7347665352753623, 0.6563796618259895, 100.6801077603281, 15.28430761893297, 197.1889308036918]"
0.8009052401177159,129.29527368982477,0.8699870922656918,0.306774347159524,True,False,"[0.2793778155693015, 0.5579051312793742, 91.73051413053722, -27.84927383949038, 281.5811224897367, 0.7515976239272404, 0.46977480352100764, 103.98391383769176, 6.9595047621494, 189.3163327534591]"
0.76085997811183,129.2164989915063,1.0,0.3998826425351678,True,False,"[0.21786847703290965, 0.561920227119576, 83.19326184200278, -32.152381922439695, 285.7951088247351, 0.71947584414591, 0.3180433408228366, 102.61784118083725, 10.152000309598463, 193.61465580985285]"
0.7228169792062386,129.26481695928385,0.9353385285603222,0.8801472985469972,True,False,"[0.2616898738244543, 0.46422642861148505, 90.67576730376277, -24.283838869203436, 286.03049016919044, 0.7132986207620761, 0.4671909132495782, 95.9447640051835, 3.660301116040472, 194.82501959583718]"
0.6866761302459266,128.98217008180336,1.0,0.8988853119140757,True,False,"[0.21732069363226314, 0.6607001025138481, 87.27432226499164, -28.029347730795894, 285.7646053902037, 0.6927826419974024, 0.42647469980192154, 82.1184864190669, 16.345716084552645, 191.28945455813655]"
0.6523423237336302,128.8137989295847,1.0,0.5674871050170854,True,False,"[0.3778928704550848, 0.6454294133371881, 87.81914939016079, -34.63543942369479, 277.34400740917374, 0.7871807955225281, 0.4516810869225324, 78.38270990251976, 16.073983439925822, 186.86490738867857]"
0.6197252075469487,128.72434353419564,1.0,0.3046784643189411,True,False,"[0.3916429063977796, 0.4490229260539568, 79.10340206380137, -30.32010071428325, 278.1302274949074, 0.8334907221561905, 0.18811322211359516, 76.9636986654754, 23.329102252871678, 191.95112761135528]"
0.5887389471696013,128.74883727665713,0.9592498169915715,0.2936754389573111,True,False,"[0.2279171324491129, 0.5217427047862302, 78.89549113934676, -22.94609650125001, 279.98281253106694, 0.7657877197571874, 0.19658345510446174, 78.35273019693828, 9.585845969810634, 184.9970634477249]"
0.5593019998111212,128.61369371061005,1.0,0.8297343514019904,True,False,"[0.17310393864363544, 0.4175712697648843, 68.934529847604, -26.300495786701443, 280.9715854589122, 0.8104697514992849, 0.20876130010322153, 74.03703708941886, -4.975422726634346, 186.6034955918611]"
0.5313368998205651,128.61369371061005,0.6492222877689585,0.8543945322066372,False,False,"[0.17310393864363544, 0.4175712697648843, 68.934529847604, -26.300495786701443, 280.9715854589122, 0.8104697514992849, 0.20876130010322153, 74.03703708941886, -4.975422726634346, 186.6034955918611]"
0.5047700548295369,128.53880497122094,1.0,0.6279189479260482,True,False,"[0.1528552716944482, 0.39596630021592555, 69.25772045437948, -21.15045334132207, 288.0874033952686, 0.6703048143214914, 0.2401641264893794, 66.21123615793351, 9.26166806355916, 188.0090917288124]"
0.47953155208806,128.53880497122094,0.6899888556875602,0.9179626725110983,False,False,"[0.1528552716944482, 0.39596630021592555, 69.25772045437948, -21.15045334132207, 288.0874033952686, 0.6703048143214914, 0.2401641264893794, 66.21123615793351, 9.26166806355916, 188.0090917288124]"
0.45555497448365695,128.43745540362892,1.0,0.45555853411341374,True,False,"[0.28796257532903496, 0.34859455129547257, 72.24496838597442, -30.75968584522156, 290.45796775020494, 0.7002658138281179, 0.16831068951973888, 61.692224606852136, 6.3615831534161895, 193.1500043717386]"
0.4327772257594741,128.43745540362892,0.6806959645484864,0.8070189285567096,False,False,"[0.28796257532903496, 0.34859455129547257, 72.24496838597442, -30.75968584522156, 290.45796775020494, 0.7002658138281179, 0.16831068951973888, 61.692224606852136, 6.3615831534161895, 193.1500043717386]"
0.4111383644715004,128.33030874295488,1.0,0.576837686723063,True,False,"[0.3702867310950192, 0.5209549118842393, 78.90351134376294, -25.956524119511823, 290.96220891953067, 0.5499015235657764, 0.20550575376575475, 61.69666768155118, 21.566597486366714, 187.66474211126825]"
0.39058144624792535,128.38403800975786,0.8714800891922517,0.47589075877015596,True,False,"[0.36019047443177454, 0.5073527097386425, 77.43428411596794, -28.73465940548992, 292.8038865717161, 0.7282987667191223, 0.372812001029702, 58.14842474348667, 25.150312931397664, 190.4479828674205]"
0.37105237393552903,128.69059679049516,0.4377149591562913,0.25580982494741367,True,False,"[0.3579085161150427, 0.4238200667516578, 73.0298539800836, 2.6651730808188887, 303.3068474856648, 0.6564602256698318, 0.35660136232520034, 63.76866303595798, 18.806466584004195, 194.49964193065128]"
0.35249975523875254,128.69460186567434,0.9887023795940384,0.8557172607021768,True,False,"[0.3150314866959181, 0.4881966338316314, 79.54840683008267, 9.6978546325598, 303.5621230739522, 0.5663143109727, 0.15813066971531475, 64.17577596337857, 9.066842315455318, 204.93579169100346]"
0.3348747674768149,128.89340101197953,0.5523064567142209,0.1807263412243053,True,False,"[0.1710945433678181, 0.4873643362426892, 76.96061243112418, -5.349325979833987, 300.8100269301566, 0.5109529704812672, 0.13985971172856948, 70.84923710632678, 15.053187054730369, 213.79735275376535]"
0.31813102910297414,128.94430896367655,0.8521250737285571,0.13290283326557362,True,False,"[0.30504324493504376, 0.5866745491031453, 76.38950815135914, -15.769286314587097, 300.608664225688, 0.43400169141487205, 0.12695115229556891, 79.97145035722427, 9.522375684730196, 211.70646239798572]"
0.3022244776478254,128.8512799323131,1.0,0.9972033259049888,True,False,"[0.350949158317414, 0.4279540958363116, 75.67884605083457, -45.70122664508714, 295.50975803962086, 0.46542773900130047, 0.13431103428999125, 83.05427218991142, 21.704860302868, 216.3063669011327]"
0.2871132537654341,128.90091737985753,0.8412347243144639,0.8285115685571983,True,False,"[0.3466361407770532, 0.36891589629996097, 85.2171485766111, -56.095277070229066, 289.3310565077832, 0.18702855446100053, 0.12446159402170759, 82.86319668476305, 39.41917977881201, 219.80777340368292]"
0.2727575910771624,128.87693308731002,1.0,0.8328724054171183,True,False,"[0.2015195413032768, 0.41592222935618617, 83.77933223638945, -60.83673991651722, 282.625454865944, 0.32490582667784207, 0.24662176994016827, 85.05018988751985, 37.43320510208134, 220.14983797875752]"
0.25911971152330426,128.78989872268977,1.0,0.5659601038910439,True,False,"[0.403695612520427, 0.394687465158813, 81.75676658593622, -54.12947602311268, 283.3429394112109, 0.19511243427782757, 0.08956846314318787, 77.55102816387593, 26.416698079180886, 219.47678012298854]"
0.24616372594713903,128.77588960366324,1.0,0.6286417360863759,True,False,"[0.17312335639979654, 0.3818450585277958, 78.59945774372596, -51.94243901744458, 283.4461986044437, 0.46886956996006945, 0.09213278710780128, 74.67583158501428, 25.409098866547346, 223.01868538034674]"
0.23385553964978206,128.41183607731884,1.0,0.6863615170235241,True,False,"[0.24451293113543113, 0.3975895785805208, 77.97024120910926, -62.766975882317105, 282.01310778295425, 0.4313674527379286, 0.10184978685601792, 71.33056742197833, 44.132564109850534, 219.65785033748355]"
0.22216276266729296,128.24133382343376,1.0,0.6883161227216397,True,False,"[0.28116617612349154, 0.5125039290583905, 75.26500526628334, -75.66524704407, 279.06993976739096, 0.3684931540552952, 0.29869271749696635, 71.32504022907149, 41.00153229605375, 221.07369672825592]"
0.2110546245339283,128.20401069240444,1.0,0.28658404865175113,True,False,"[0.36497064894784476, 0.6292767932788347, 74.12554760042849, -75.59316205283235, 282.0364196672616, 0.30626878262256507, 0.45284674535153835, 78.4570580484858, 52.9348254365322, 219.5026622449129]"
0.20050189330723187,128.20401069240444,0.2336923499273896,0.3583275986887712,False,False,"[0.36497064894784476, 0.6292767932788347, 74.12554760042849, -75.59316205283235, 282.0364196672616, 0.30626878262256507, 0.45284674535153835, 78.4570580484858, 52.9348254365322, 219.5026622449129]"
0.19047679864187025,128.08516398598863,1.0,0.8971215845217951,True,False,"[0.4806807269353132, 0.6422712329098232, 77.09736956448018, -76.63117219603896, 284.2946864984298, 0.5182275014240866, 0.38855655966317043, 74.07212484287346, 59.25854646588989, 218.1975238435272]"
0.18095295870977673,127.8999121006273,1.0,0.5412308960576032,True,False,"[0.3238962959872954, 0.6326716431645026, 66.51251006592366, -76.25886484187035, 276.1489543071223, 0.4558106191098665, 0.43324351945582723, 71.25471342509148, 46.79510306545903, 213.74586651599785]"
0.1719053107742879,127.8999121006273,0.13580826347797653,0.8620676260018235,False,False,"[0.3238962959872954, 0.6326716431645026, 66.51251006592366, -76.25886484187035, 276.1489543071223, 0.4558106191098665, 0.43324351945582723, 71.25471342509148, 46.79510306545903, 213.74586651599785]"
0.1633100452355735,127.8999121006273,0.07546182134961109,0.629901999345058,False,False,"[0.3238962959872954, 0.6326716431645026, 66.51251006592366, -76.25886484187035, 276.1489543071223, 0.4558106191098665, 0.43324351945582723, 71.25471342509148, 46.79510306545903, 213.74586651599785]"
0.15514454297379482,128.00436710036394,0.5100352841509465,0.2676628557911459,True,False,"[0.4745193186880464, 0.5905527600114138, 65.73945194129936, -68.17510713438705, 267.63174351859647, 0.47998118089107955, 0.26784628929193444, 75.55092304590521, 43.05499705537026, 214.2418134622099]"
0.14738731582510506,127.8488180963514,1.0,0.1701541983714795,True,False,"[0.472102338107427, 0.5282720109366165, 59.36468020977247, -65.72278998165633, 265.9221192619596, 0.5837492499232266, 0.29139401557195876, 75.7483730441958, 47.06597618813467, 217.4175882132557]"
0.1400179500338498,127.95859964587997,0.45655166994956753,0.11640681263259567,True,False,"[0.4887109630603996, 0.527260781359765, 55.69780250838224, -61.62887830863812, 276.97112707266757, 0.5930892136080107, 0.31234598931774527, 81.26940547701584, 47.076364192103675, 214.4377887352152]"
0.1330170525321573,127.95859964587997,0.6560562040162,0.892260318736928,False,False,"[0.4887109630603996, 0.527260781359765, 55.69780250838224, -61.62887830863812, 276.97112707266757, 0.5930892136080107, 0.31234598931774527, 81.26940547701584, 47.076364192103675, 214.4377887352152]"
0.12636619990554943,127.95859964587997,0.5908434732534478,0.9388449048996911,False,False,"[0.4887109630603996, 0.527260781359765, 55.69780250838224, -61.62887830863812, 276.97112707266757, 0.5930892136080107, 0.31234598931774527, 81.26940547701584, 47.076364192103675, 214.4377887352152]"
0.12004788991027195,127.95859964587997,0.04236434160454065,0.7155011198879973,False,False,"[0.4887109630603996, 0.527260781359765, 55.69780250838224, -61.62887830863812, 276.97112707266757, 0.5930892136080107, 0.31234598931774527, 81.26940547701584, 47.076364192103675, 214.4377887352152]"
0.11404549541475835,127.95859964587997,0.07817852061692655,0.25776529067903875,False,False,"[0.4887109630603996, 0.527260781359765, 55.69780250838224, -61.62887830863812, 276.97112707266757, 0.5930892136080107, 0.31234598931774527, 81.26940547701584, 47.076364192103675, 214.4377887352152]"
0.10834322064402042,127.95859964587997,0.07765875128883441,0.8481689049964868,False,False,"[0.4887109630603996, 0.527260781359765, 55.69780250838224, -61.62887830863812, 276.97112707266757, 0.5930892136080107, 0.31234598931774527, 81.26940547701584, 47.076364192103675, 214.4377887352152]"
0.1029260596118194,127.95859964587997,0.05565859308145451,0.8250050259761034,False,False,"[0.4887109630603996, 0.527260781359765, 55.69780250838224, -61.62887830863812, 276.97112707266757, 0.5930892136080107, 0.31234598931774527, 81.26940547701584, 47.076364192103675, 214.4377887352152]"
0.09777975663122843,128.07370645471667,0.3081388141824394,0.14832713246484241,True,False,"[0.4850671932683664, 0.5822428374381604, 63.40105741596008, -71.3883590470503, 282.7324923331827, 0.6528486019610042, 0.25044646509606616, 83.1125255596637, 58.49360882143666, 214.76188462798564]"
0.092890768799667,128.08673457885715,0.8691391095469864,0.7524482772820406,True,False,"[0.42232236416551894, 0.5638209861395818, 59.84261582111687, -57.06118240668128, 280.5919072189053, 0.7536044388423441, 0.32180066996174395, 83.888899816927, 69.6205940987376, 208.2532460730141]"
0.08824623035968364,128.08673457885715,0.0018124688913202986,0.1901348796166904,False,False,"[0.42232236416551894, 0.5638209861395818, 59.84261582111687, -57.06118240668128, 280.5919072189053, 0.7536044388423441, 0.32180066996174395, 83.888899816927, 69.6205940987376, 208.2532460730141]"
0.08383391884169945,128.0512606680992,1.0,0.5151253851364687,True,False,"[0.3606096624801101, 0.6489577826245407, 57.477348698984805, -55.52835866182862, 290.6414558069432, 0.7555685916963886, 0.337285316232321, 89.70132394747165, 79.23388916200612, 206.18329754666902]"
0.07964222289961448,128.0512606680992,0.5127343711321074,0.855143774759742,False,False,"[0.3606096624801101, 0.6489577826245407, 57.477348698984805, -55.52835866182862, 290.6414558069432, 0.7555685916963886, 0.337285316232321, 89.70132394747165, 79.23388916200612, 206.18329754666902]"
0.07566011175463375,128.0512606680992,0.4412408235359211,0.711311664525066,False,False,"[0.3606096624801101, 0.6489577826245407, 57.477348698984805, -55.52835866182862, 290.6414558069432, 0.7555685916963886, 0.337285316232321, 89.70132394747165, 79.23388916200612, 206.18329754666902]"
0.07187710616690206,127.74066402683229,1.0,0.11878791749326878,True,False,"[0.37040820269505575, 0.6322941044059673, 55.5679274781798, -46.33912455308841, 287.0976802469392, 0.70150782391307, 0.26768170557520304, 89.37034937942497, 91.73478791182964, 205.9222658090916]"
0.06828325085855695,127.60692344327862,1.0,0.5005433096363445,True,False,"[0.36193106476194653, 0.6527213150474287, 53.683897063933046, -44.98236826807163, 294.0887666881917, 0.6246618814662205, 0.30071389148870686, 86.75110901501289, 93.45351768385555, 207.32929225333118]"
0.0648690883156291,127.60692344327862,0.0043773865405632014,0.23682599520976244,False,False,"[0.36193106476194653, 0.6527213150474287, 53.683897063933046, -44.98236826807163, 294.0887666881917, 0.6246618814662205, 0.30071389148870686, 86.75110901501289, 93.45351768385555, 207.32929225333118]"
0.06162563389984764,127.60692344327862,0.010622823250716184,0.9737396376359853,False,False,"[0.36193106476194653, 0.6527213150474287, 53.683897063933046, -44.98236826807163, 294.0887666881917, 0.6246618814662205, 0.30071389148870686, 86.75110901501289, 93.45351768385555, 207.32929225333118]"
0.05854435220485526,127.60692344327862,0.026340310834314606,0.8512459154598743,False,False,"[0.36193106476194653, 0.6527213150474287, 53.683897063933046, -44.98236826807163, 294.0887666881917, 0.6246618814662205, 0.30071389148870686, 86.75110901501289, 93.45351768385555, 207.32929225333118]"
0.05561713459461249,127.60692344327862,0.21004236407605087,0.9236910166119715,False,False,"[0.36193106476194653, 0.6527213150474287, 53.683897063933046, -44.98236826807163, 294.0887666881917, 0.6246618814662205, 0.30071389148870686, 86.75110901501289, 93.45351768385555, 207.32929225333118]"
0.05283627786488186,127.60692344327862,0.008804359738803991,0.7489796076877171,False,False,"[0.36193106476194653, 0.6527213150474287, 53.683897063933046, -44.98236826807163, 294.0887666881917, 0.6246618814662205, 0.30071389148870686, 86.75110901501289, 93.45351768385555, 207.32929225333118]"
0.050194463971637765,127.60692344327862,0.002698623249777925,0.4471153001165674,False,False,"[0.36193106476194653, 0.6527213150474287, 53.683897063933046, -44.98236826807163, 294.0887666881917, 0.6246618814662205, 0.30071389148870686, 86.75110901501289, 93.45351768385555, 207.32929225333118]"
0.04768474077305587,127.60692344327862,0.02704033623395966,0.6298246045060313,False,False,"[0.36193106476194653, 0.6527213150474287, 53.683897063933046, -44.98236826807163, 294.0887666881917, 0.6246618814662205, 0.30071389148870686, 86.75110901501289, 93.45351768385555, 207.32929225333118]"
0.04530050373440308,127.60692344327862,0.27001767643601327,0.372819346876187,False,False,"[0.36193106476194653, 0.6527213150474287, 53.683897063933046, -44.98236826807163, 294.0887666881917, 0.6246618814662205, 0.30071389148870686, 86.75110901501289, 93.45351768385555, 207.32929225333118]"
0.04303547854768292,127.60692344327862,5.6553142867130377e-05,0.23007296691451073,False,False,"[0.36193106476194653, 0.6527213150474287, 53.683897063933046, -44.98236826807163, 294.0887666881917, 0.6246618814662205, 0.30071389148870686, 86.75110901501289, 93.45351768385555, 207.32929225333118]"
0.04088370462029877,127.60692344327862,0.031014209827400288,0.8400256700410749,False,False,"[0.36193106476194653, 0.6527213150474287, 53.683897063933046, -44.98236826807163, 294.0887666881917, 0.6246618814662205, 0.30071389148870686, 86.75110901501289, 93.45351768385555, 207.32929225333118]"
0.03883951938928383,127.60692344327862,0.0005140430949357208,0.17427143720421912,False,False,"[0.36193106476194653, 0.6527213150474287, 53.683897063933046, -44.98236826807163, 294.0887666881917, 0.6246618814662205, 0.30071389148870686, 86.75110901501289, 93.45351768385555, 207.32929225333118]"
0.036897543419819635,127.60692344327862,0.10446700665934154,0.10893927633449885,False,False,"[0.36193106476194653, 0.6527213150474287, 53.683897063933046, -44.98236826807163, 294.0887666881917, 0.6246618814662205, 0.30071389148870686, 86.75110901501289, 93.45351768385555, 207.32929225333118]"
0.035052666248828655,127.60692344327862,6.435923144128201e-06,0.8059054628039587,False,False,"[0.36193106476194653, 0.6527213150474287, 53.683897063933046, -44.98236826807163, 294.0887666881917, 0.6246618814662205, 0.30071389148870686, 86.75110901501289, 93.45351768385555, 207.32929225333118]"
0.03330003293638722,127.60692344327862,1.0934795158210193e-07,0.005440539666486277,False,False,"[0.36193106476194653, 0.6527213150474287, 53.683897063933046, -44.98236826807163, 294.0887666881917, 0.6246618814662205, 0.30071389148870686, 86.75110901501289, 93.45351768385555, 207.32929225333118]"
0.03163503128956786,127.60692344327862,1.3591374157897624e-09,0.54471353339753,False,False,"[0.36193106476194653, 0.6527213150474287, 53.683897063933046, -44.98236826807163, 294.0887666881917, 0.6246618814662205, 0.30071389148870686, 86.75110901501289, 93.45351768385555, 207.32929225333118]"
0.030053279725089463,127.51109855920733,1.0,0.8143801213945723,True,False,"[0.5121477858763103, 0.684064742445122, 52.0326683238124, -42.73035703211089, 285.6953955461943, 0.6703273264681414, 0.29976411739718734, 88.08406292922427, 92.44335094351833, 207.33761465252624]"
0.028550615738834988,127.51109855920733,0.0003199918969087027,0.8934177113491497,False,False,"[0.5121477858763103, 0.684064742445122, 52.0326683238124, -42.73035703211089, 285.6953955461943, 0.6703273264681414, 0.29976411739718734, 88.08406292922427, 92.44335094351833, 207.33761465252624]"
0.027123084951893237,127.38481059913887,1.0,0.43497001069228536,True,False,"[0.4879183909719067, 0.8445690745089309, 52.183319348938674, -53.25000269571695, 284.72258431301077, 0.6322419035783969, 0.3848211075342321, 88.10898079665255, 89.81256082591216, 209.27825736345244]"
0.025766930704298575,127.38481059913887,3.0148946190459657e-06,0.13621994783188607,False,False,"[0.4879183909719067, 0.8445690745089309, 52.183319348938674, -53.25000269571695, 284.72258431301077, 0.6322419035783969, 0.3848211075342321, 88.10898079665255, 89.81256082591216, 209.27825736345244]"
0.024478584169083644,127.38481059913887,9.126121524863148e-12,0.73596176698495,False,False,"[0.4879183909719067, 0.8445690745089309, 52.183319348938674, -53.25000269571695, 284.72258431301077, 0.6322419035783969, 0.3848211075342321, 88.10898079665255, 89.81256082591216, 209.27825736345244]"
0.02325465496062946,127.23971141716123,1.0,0.8739030824715988,True,False,"[0.4738975923209105, 0.8463456854207624, 47.49839248639699, -35.58520798578181, 273.82790255944246, 0.5353219480882079, 0.3757274769375617, 92.22358152701602, 99.33053316125, 212.9956401768856]"
0.022091922212597988,127.23971141716123,9.579575421205216e-15,0.9446756300603564,False,False,"[0.4738975923209105, 0.8463456854207624, 47.49839248639699, -35.58520798578181, 273.82790255944246, 0.5353219480882079, 0.3757274769375617, 92.22358152701602, 99.33053316125, 212.9956401768856]"
0.020987326101968087,127.23971141716123,1.2670331820936704e-12,0.32802917736913395,False,False,"[0.4738975923209105, 0.8463456854207624, 47.49839248639699, -35.58520798578181, 273.82790255944246, 0.5353219480882079, 0.3757274769375617, 92.22358152701602, 99.33053316125, 212.9956401768856]"
0.019937959796869683,127.23971141716123,2.088514875670682e-14,0.17417470427111037,False,False,"[0.4738975923209105, 0.8463456854207624, 47.49839248639699, -35.58520798578181, 273.82790255944246, 0.5353219480882079, 0.3757274769375617, 92.22358152701602, 99.33053316125, 212.9956401768856]"
0.018941061807026198,127.23971141716123,0.06329403028138708,0.26098024216498883,False,False,"[0.4738975923209105, 0.8463456854207624, 47.49839248639699, -35.58520798578181, 273.82790255944246, 0.5353219480882079, 0.3757274769375617, 92.22358152701602, 99.33053316125, 212.9956401768856]"
0.01799400871667489,127.23971141716123,0.006651222915219657,0.9980646041206509,False,False,"[0.4738975923209105, 0.8463456854207624, 47.49839248639699, -35.58520798578181, 273.82790255944246, 0.5353219480882079, 0.3757274769375617, 92.22358152701602, 99.33053316125, 212.9956401768856]"
0.017094308280841145,127.23971141716123,6.57056952424709e-22,0.18937685258717585,False,False,"[0.4738975923209105, 0.8463456854207624, 47.49839248639699, -35.58520798578181, 273.82790255944246, 0.5353219480882079, 0.3757274769375617, 92.22358152701602, 99.33053316125, 212.9956401768856]"
0.016239592866799088,127.23971141716123,3.3638108699440143e-10,0.6958458099796805,False,False,"[0.4738975923209105, 0.8463456854207624, 47.49839248639699, -35.58520798578181, 273.82790255944246, 0.5353219480882079, 0.3757274769375617, 92.22358152701602, 99.33053316125, 212.9956401768856]"
0.015427613223459133,127.23971141716123,3.516609425680037e-07,0.429939603746776,False,False,"[0.4738975923209105, 0.8463456854207624, 47.49839248639699, -35.58520798578181, 273.82790255944246, 0.5353219480882079, 0.3757274769375617, 92.22358152701602, 99.33053316125, 212.9956401768856]"
0.014656232562286176,127.23971141716123,1.4123611136413068e-08,0.7113617441720959,False,False,"[0.4738975923209105, 0.8463456854207624, 47.49839248639699, -35.58520798578181, 273.82790255944246, 0.5353219480882079, 0.3757274769375617, 92.22358152701602, 99.33053316125, 212.9956401768856]"
0.013923420934171867,127.23971141716123,7.529580117907482e-12,0.5723012107039015,False,False,"[0.4738975923209105, 0.8463456854207624, 47.49839248639699, -35.58520798578181, 273.82790255944246, 0.5353219480882079, 0.3757274769375617, 92.22358152701602, 99.33053316125, 212.9956401768856]"
0.013227249887463273,127.23971141716123,3.457915989063882e-07,0.7844528311670517,False,False,"[0.4738975923209105, 0.8463456854207624, 47.49839248639699, -35.58520798578181, 273.82790255944246, 0.5353219480882079, 0.3757274769375617, 92.22358152701602, 99.33053316125, 212.9956401768856]"
0.012565887393090109,127.23971141716123,1.7059336426840405e-15,0.22624940147508088,False,False,"[0.4738975923209105, 0.8463456854207624, 47.49839248639699, -35.58520798578181, 273.82790255944246, 0.5353219480882079, 0.3757274769375617, 92.22358152701602, 99.33053316125, 212.9956401768856]"
0.011937593023435602,127.23971141716123,1.9925874450408553e-13,0.6574802989669384,False,False,"[0.4738975923209105, 0.8463456854207624, 47.49839248639699, -35.58520798578181, 273.82790255944246, 0.5353219480882079, 0.3757274769375617, 92.22358152701602, 99.33053316125, 212.9956401768856]"
0.011340713372263821,127.23971141716123,1.1211373089691048e-14,0.05041978324240304,False,False,"[0.4738975923209105, 0.8463456854207624, 47.49839248639699, -35.58520798578181, 273.82790255944246, 0.5353219480882079, 0.3757274769375617, 92.22358152701602, 99.33053316125, 212.9956401768856]"
0.01077367770365063,127.23971141716123,1.0678851506565256e-19,0.39931690006667575,False,False,"[0.4738975923209105, 0.8463456854207624, 47.49839248639699, -35.58520798578181, 273.82790255944246, 0.5353219480882079, 0.3757274769375617, 92.22358152701602, 99.33053316125, 212.9956401768856]"
0.010234993818468098,127.23971141716123,8.824247604436521e-12,0.9389525194049263,False,False,"[0.4738975923209105, 0.8463456854207624, 47.49839248639699, -35.58520798578181, 273.82790255944246, 0.5353219480882079, 0.3757274769375617, 92.22358152701602, 99.33053316125, 212.9956401768856]"
0.009723244127544692,127.23971141716123,2.1095160940290416e-24,0.6610755325421955,False,False,"[0.4738975923209105, 0.8463456854207624, 47.49839248639699, -35.58520798578181, 273.82790255944246, 0.5353219480882079, 0.3757274769375617, 92.22358152701602, 99.33053316125, 212.9956401768856]"
0.009237081921167458,127.23971141716123,1.0257959619451424e-16,0.38967238530346393,False,False,"[0.4738975923209105, 0.8463456854207624, 47.49839248639699, -35.58520798578181, 273.82790255944246, 0.5353219480882079, 0.3757274769375617, 92.22358152701602, 99.33053316125, 212.9956401768856]"
0.008775227825109085,127.23971141716123,2.9523733012524407e-16,0.8130756749477317,False,False,"[0.4738975923209105, 0.8463456854207624, 47.49839248639699, -35.58520798578181, 273.82790255944246, 0.5353219480882079, 0.3757274769375617, 92.22358152701602, 99.33053316125, 212.9956401768856]"
0.00833646643385363,127.23971141716123,3.7826932572327777e-28,0.19560209954868346,False,False,"[0.4738975923209105, 0.8463456854207624, 47.49839248639699, -35.58520798578181, 273.82790255944246, 0.5353219480882079, 0.3757274769375617, 92.22358152701602, 99.33053316125, 212.9956401768856]"
0.00791964311216095,127.23971141716123,5.555820883730065e-26,0.9076055246713223,False,False,"[0.4738975923209105, 0.8463456854207624, 47.49839248639699, -35.58520798578181, 273.82790255944246, 0.5353219480882079, 0.3757274769375617, 92.22358152701602, 99.33053316125, 212.9956401768856]"
0.007523660956552902,127.23971141716123,4.492857949988903e-38,0.8877600095006866,False,False,"[0.4738975923209105, 0.8463456854207624, 47.49839248639699, -35.58520798578181, 273.82790255944246, 0.5353219480882079, 0.3757274769375617, 92.22358152701602, 99.33053316125, 212.9956401768856]"
0.007147477908725257,127.23971141716123,6.035930753076786e-11,0.24314537638397926,False,False,"[0.4738975923209105, 0.8463456854207624, 47.49839248639699, -35.58520798578181, 273.82790255944246, 0.5353219480882079, 0.3757274769375617, 92.22358152701602, 99.33053316125, 212.9956401768856]"
0.006790104013288993,127.23971141716123,3.6026038298738084e-22,0.22660903880424288,False,False,"[0.4738975923209105, 0.8463456854207624, 47.49839248639699, -35.58520798578181, 273.82790255944246, 0.5353219480882079, 0.3757274769375617, 92.22358152701602, 99.33053316125, 212.9956401768856]"
0.006450598812624543,127.23971141716123,3.322823458919656e-34,0.6242285130284695,False,False,"[0.4738975923209105, 0.8463456854207624, 47.49839248639699, -35.58520798578181, 273.82790255944246, 0.5353219480882079, 0.3757274769375617, 92.22358152701602, 99.33053316125, 212.9956401768856]"
0.006128068871993316,127.23971141716123,2.609343511595569e-07,0.938907344160998,False,False,"[0.4738975923209105, 0.8463456854207624, 47.49839248639699, -35.58520798578181, 273.82790255944246, 0.5353219480882079, 0.3757274769375617, 92.22358152701602, 99.33053316125, 212.9956401768856]"
0.00582166542839365,127.23971141716123,5.2740854518956166e-40,0.03698570202972029,False,False,"[0.4738975923209105, 0.8463456854207624, 47.49839248639699, -35.58520798578181, 273.82790255944246, 0.5353219480882079, 0.3757274769375617, 92.22358152701602, 99.33053316125, 212.9956401768856]"
0.005530582156973967,127.23971141716123,2.786313875850561e-19,0.66274557477394,False,False,"[0.4738975923209105, 0.8463456854207624, 47.49839248639699, -35.58520798578181, 273.82790255944246, 0.5353219480882079, 0.3757274769375617, 92.22358152701602, 99.33053316125, 212.9956401768856]"
0.005254053049125268,127.23971141716123,2.1448468294254034e-11,0.5737130026196097,False,False,"[0.4738975923209105, 0.8463456854207624, 47.49839248639699, -35.58520798578181, 273.82790255944246, 0.5353219480882079, 0.3757274769375617, 92.22358152701602, 99.33053316125, 212.9956401768856]"
0.004991350396669004,127.23971141716123,1.0186702964109651e-46,0.47830048232288247,False,False,"[0.4738975923209105, 0.8463456854207624, 47.49839248639699, -35.58520798578181, 273.82790255944246, 0.5353219480882079, 0.3757274769375617, 92.22358152701602, 99.33053316125, 212.9956401768856]"
0.004741782876835554,127.23971141716123,7.874418083314062e-42,0.20476915860530143,False,False,"[0.4738975923209105, 0.8463456854207624, 47.49839248639699, -35.58520798578181, 273.82790255944246, 0.5353219480882079, 0.3757274769375617, 92.22358152701602, 99.33053316125, 212.9956401768856]"
0.004504693732993776,127.23971141716123,3.2782367338122365e-73,0.7000578903598771,False,False,"[0.4738975923209105, 0.8463456854207624, 47.49839248639699, -35.58520798578181, 273.82790255944246, 0.5353219480882079, 0.3757274769375617, 92.22358152701602, 99.33053316125, 212.9956401768856]"
0.004279459046344087,127.23971141716123,1.7700311382530028e-07,0.3718849115001782,False,False,"[0.4738975923209105, 0.8463456854207624, 47.49839248639699, -35.58520798578181, 273.82790255944246, 0.5353219480882079, 0.3757274769375617, 92.22358152701602, 99.33053316125, 212.9956401768856]"
0.004065486094026882,127.19175873795241,1.0,0.2992902682212891,True,False,"[0.5207780110765635, 0.8823898300177443, 47.00686944428194, -42.39295003592284, 274.8062986008359, 0.4605295892809121, 0.32176835731212744, 91.92739088379548, 97.24583063145724, 214.55374515003663]"
0.0038622117893255376,127.19175873795241,3.7581641713641683e-81,0.6689733817556588,False,False,"[0.5207780110765635, 0.8823898300177443, 47.00686944428194, -42.39295003592284, 274.8062986008359, 0.4605295892809121, 0.32176835731212744, 91.92739088379548, 97.24583063145724, 214.55374515003663]"
0.0036691011998592604,127.19175873795241,3.35860755977843e-81,0.15323205916531357,False,False,"[0.5207780110765635, 0.8823898300177443, 47.00686944428194, -42.39295003592284, 274.8062986008359, 0.4605295892809121, 0.32176835731212744, 91.92739088379548, 97.24583063145724, 214.55374515003663]"
0.003485646139866297,127.19175873795241,7.379688356303847e-41,0.8635068669727316,False,False,"[0.5207780110765635, 0.8823898300177443, 47.00686944428194, -42.39295003592284, 274.8062986008359, 0.4605295892809121, 0.32176835731212744, 91.92739088379548, 97.24583063145724, 214.55374515003663]"
0.0033113638328729823,127.19175873795241,2.3344446909709853e-34,0.7536068423184484,False,False,"[0.5207780110765635, 0.8823898300177443, 47.00686944428194, -42.39295003592284, 274.8062986008359, 0.4605295892809121, 0.32176835731212744, 91.92739088379548, 97.24583063145724, 214.55374515003663]"
0.003145795641229333,127.19175873795241,4.8043681331804596e-70,0.19979917938479563,False,False,"[0.5207780110765635, 0.8823898300177443, 47.00686944428194, -42.39295003592284, 274.8062986008359, 0.4605295892809121, 0.32176835731212744, 91.92739088379548, 97.24583063145724, 214.55374515003663]"
0.002988505859167866,127.19175873795241,1.792606361703515e-104,0.3133410942715673,False,False,"[0.5207780110765635, 0.8823898300177443, 47.00686944428194, -42.39295003592284, 274.8062986008359, 0.4605295892809121, 0.32176835731212744, 91.92739088379548, 97.24583063145724, 214.55374515003663]"
0.0028390805662094724,127.19175873795241,6.205892580598949e-60,0.36524694619311804,False,False,"[0.5207780110765635, 0.8823898300177443, 47.00686944428194, -42.39295003592284, 274.8062986008359, 0.4605295892809121, 0.32176835731212744, 91.92739088379548, 97.24583063145724, 214.55374515003663]"
0.0026971265378989986,127.19175873795241,1.673223215645246e-33,0.4571928028961566,False,False,"[0.5207780110765635, 0.8823898300177443, 47.00686944428194, -42.39295003592284, 274.8062986008359, 0.4605295892809121, 0.32176835731212744, 91.92739088379548, 97.24583063145724, 214.55374515003663]"
0.0025622702110040486,127.19175873795241,6.577734753928546e-127,0.9426132068569871,False,False,"[0.5207780110765635, 0.8823898300177443, 47.00686944428194, -42.39295003592284, 274.8062986008359, 0.4605295892809121, 0.32176835731212744, 91.92739088379548, 97.24583063145724, 214.55374515003663]"
0.0024341567004538462,127.19175873795241,2.0754138757978233e-44,0.3909364654017383,False,False,"[0.5207780110765635, 0.8823898300177443, 47.00686944428194, -42.39295003592284, 274.8062986008359, 0.4605295892809121, 0.32176835731212744, 91.92739088379548, 97.24583063145724, 214.55374515003663]"
0.0023124488654311538,127.19175873795241,1.4217565273306003e-90,0.23293909664903056,False,False,"[0.5207780110765635, 0.8823898300177443, 47.00686944428194, -42.39295003592284, 274.8062986008359, 0.4605295892809121, 0.32176835731212744, 91.92739088379548, 97.24583063145724, 214.55374515003663]"
0.002196826422159596,127.19175873795241,2.114028831906126e-131,0.45072138861815536,False,False,"[0.5207780110765635, 0.8823898300177443, 47.00686944428194, -42.39295003592284, 274.8062986008359, 0.4605295892809121, 0.32176835731212744, 91.92739088379548, 97.24583063145724, 214.55374515003663]"
0.0020869851010516163,127.19175873795241,7.804980345155257e-84,0.6608971770182348,False,False,"[0.5207780110765635, 0.8823898300177443, 47.00686944428194, -42.39295003592284, 274.8062986008359, 0.4605295892809121, 0.32176835731212744, 91.92739088379548, 97.24583063145724, 214.55374515003663]"
0.0019826358459990355,127.19175873795241,5.633409003518335e-86,0.318346655000585,False,False,"[0.5207780110765635, 0.8823898300177443, 47.00686944428194, -42.39295003592284, 274.8062986008359, 0.4605295892809121, 0.32176835731212744, 91.92739088379548, 97.24583063145724, 214.55374515003663]"
0.0018835040536990836,127.19175873795241,6.34395255275872e-27,0.028884482998806305,False,False,"[0.5207780110765635, 0.8823898300177443, 47.00686944428194, -42.39295003592284, 274.8062986008359, 0.4605295892809121, 0.32176835731212744, 91.92739088379548, 97.24583063145724, 214.55374515003663]"
0.0017893288510141294,127.19175873795241,9.729276606481261e-59,0.4154044686451709,False,False,"[0.5207780110765635, 0.8823898300177443, 47.00686944428194, -42.39295003592284, 274.8062986008359, 0.4605295892809121, 0.32176835731212744, 91.92739088379548, 97.24583063145724, 214.55374515003663]"
0.0016998624084634227,127.19175873795241,8.19687620284302e-69,0.5930841984790536,False,False,"[0.5207780110765635, 0.8823898300177443, 47.00686944428194, -42.39295003592284, 274.8062986008359, 0.4605295892809121, 0.32176835731212744, 91.92739088379548, 97.24583063145724, 214.55374515003663]"
0.0016148692880402515,127.19175873795241,2.449408483583701e-33,0.7519474008637999,False,False,"[0.5207780110765635, 0.8823898300177443, 47.00686944428194, -42.39295003592284, 274.8062986008359, 0.4605295892809121, 0.32176835731212744, 91.92739088379548, 97.24583063145724, 214.55374515003663]"
0.0015341258236382389,127.19175873795241,1.9712257558768278e-71,0.47691159993526233,False,False,"[0.5207780110765635, 0.8823898300177443, 47.00686944428194, -42.39295003592284, 274.8062986008359, 0.4605295892809121, 0.32176835731212744, 91.92739088379548, 97.24583063145724, 214.55374515003663]"
0.0014574195324563268,127.19175873795241,4.9360476956909674e-173,0.18563504289455535,False,False,"[0.5207780110765635, 0.8823898300177443, 47.00686944428194, -42.39295003592284, 274.8062986008359, 0.4605295892809121, 0.32176835731212744, 91.92739088379548, 97.24583063145724, 214.55374515003663]"
0.0013845485558335105,127.19175873795241,0.0,0.23304478784399174,False,False,"[0.5207780110765635, 0.8823898300177443, 47.00686944428194, -42.39295003592284, 274.8062986008359, 0.4605295892809121, 0.32176835731212744, 91.92739088379548, 97.24583063145724, 214.55374515003663]"
0.0013153211280418349,127.19175873795241,3.020071294857534e-73,0.9878868822005614,False,False,"[0.5207780110765635, 0.8823898300177443, 47.00686944428194, -42.39295003592284, 274.8062986008359, 0.4605295892809121, 0.32176835731212744, 91.92739088379548, 97.24583063145724, 214.55374515003663]"
0.001249555071639743,127.19175873795241,1.0580465058610202e-66,0.6654451784726156,False,False,"[0.5207780110765635, 0.8823898300177443, 47.00686944428194, -42.39295003592284, 274.8062986008359, 0.4605295892809121, 0.32176835731212744, 91.92739088379548, 97.24583063145724, 214.55374515003663]"
0.0011870773180577558,127.19175873795241,3.7290111307973243e-165,0.5260459123320534,False,False,"[0.5207780110765635, 0.8823898300177443, 47.00686944428194, -42.39295003592284, 274.8062986008359, 0.4605295892809121, 0.32176835731212744, 91.92739088379548, 97.24583063145724, 214.55374515003663]"
0.001127723452154868,127.19175873795241,2.956518970775545e-209,0.044156473466765656,False,False,"[0.5207780110765635, 0.8823898300177443, 47.00686944428194, -42.39295003592284, 274.8062986008359, 0.4605295892809121, 0.32176835731212744, 91.92739088379548, 97.24583063145724, 214.55374515003663]"
0.0010713372795471245,127.19175873795241,1.0702906400623734e-132,0.9887867957222068,False,False,"[0.5207780110765635, 0.8823898300177443, 47.00686944428194, -42.39295003592284, 274.8062986008359, 0.4605295892809121, 0.32176835731212744, 91.92739088379548, 97.24583063145724, 214.55374515003663]"
0.0010177704155697681,127.19175873795241,0.0,0.06371589153663226,False,False,"[0.5207780110765635, 0.8823898300177443, 47.00686944428194, -42.39295003592284, 274.8062986008359, 0.4605295892809121, 0.32176835731212744, 91.92739088379548, 97.24583063145724, 214.55374515003663]"
